name,magnitude,x,y,z,spectra,color
Sol,-26.700,0.000005,0.000000,0.000000,G2V,0.656
HD 224889,4.780,14.902031,0.103716,-64.888859,K2III,1.254
HD 224935,4.370,131.716394,1.126662,-13.877167,M3III,1.631
HD 225132,4.550,79.670013,1.300177,-24.872663,B9IVn,-0.047
HD 225212,4.990,630.150175,12.379991,-116.922329,K3Ibvar,1.619
HD 28,4.610,39.287997,0.914841,-3.927804,K1III,1.029
Alpheratz,2.070,25.974572,0.951042,14.461264,B9p,-0.038
Caph,2.280,8.600014,0.344589,14.409503,F2III-IV,0.380
Gl 9.1,3.880,30.823770,1.266396,-31.665333,K0III,1.013
Gl 10,4.890,18.046958,0.887717,-5.000042,F5V,0.487
Algenib,2.830,115.664183,6.687324,31.442127,B2IV,-0.190
HD 1013,4.790,105.704826,6.744268,38.984950,M2III,1.572
HD 1038,4.440,129.488149,8.283000,-44.507481,M1III,1.640
HD 1280,4.610,73.717927,5.507828,59.184918,A2V,0.059
HD 1404,4.510,32.988623,2.643715,24.744457,A2V,0.054
HD 1522,3.560,82.880324,7.042663,-12.912353,K2III,1.214
Gl 17,4.230,3.631914,0.318885,-7.774227,F9V,0.576
Gl 19,2.820,1.635267,0.184517,-7.275205,G2IV,0.618
Gl 20,3.930,17.106924,1.964466,-16.443574,A7V,0.175
Ankaa,2.400,19.083654,2.198282,-17.483284,K0III...,1.083
HD 2429,4.860,115.288699,14.119065,-75.449377,M2/M3III,1.634
HD 2834,4.760,34.558503,4.767165,-39.854610,A0V,0.018
HD 2884,4.360,18.647710,2.582977,-36.881102,B9V,-0.064
HD 2885,4.530,23.255404,3.222589,-46.009047,A2V,0.147
HD 2772,4.740,66.529750,9.282854,94.252351,B8Vn,-0.098
HD 2905,4.170,45034.191856,6529.619087,89046.536344,B1Ia,0.130
HD 3369,4.340,150.645938,24.453844,101.857872,B5V,-0.123
HD 3360,3.690,105.743565,17.207892,146.901502,B2IV,-0.196
HD 3546,4.340,43.176578,7.332959,24.588338,G5III...,0.871
HD 3627,3.270,27.363473,4.742224,16.595166,K3III...,1.268
Shedir,2.240,37.984817,6.784483,58.379619,K0II-IIIvar,1.170
HD 3919,4.590,51.420268,9.373821,-54.285737,G8III,0.953
HD 3901,4.800,274.222888,50.904565,338.492753,B2.5V,-0.105
HD 4150,4.360,39.897951,7.638724,-63.674097,A0IV,0.024
HD 4058,4.950,35.934654,6.898434,39.272564,A5V,0.170
Diphda,2.040,27.583638,5.310463,-9.119792,K0III,1.019
HD 4188,4.770,69.103848,13.491898,-13.188762,K0IIIvar,0.998
HD 4180,4.480,140.690195,27.809754,160.874126,B5III,-0.069
HD 4502,4.080,51.755023,10.844894,23.839349,K1II,1.100
96 G. Psc,5.740,7.258368,1.555495,0.686093,K2V,0.890
HD 4656,4.440,92.459279,19.940749,12.595285,K5III,1.500
HD 4636,4.900,77.715955,16.814743,98.080370,B9III,-0.091
Gl 34A,3.460,3.098462,0.674227,5.038376,G0V SB,0.587
Van Maanen's Star,12.370,4.146957,0.903519,0.400348,DG,0.554
HD 4727,4.530,139.406857,30.787155,124.450180,B5V SB,-0.136
HD 5112,4.780,175.031944,41.221192,-3.591689,M0III,1.550
Gl 41,4.800,8.810315,2.077392,16.413746,F8V,0.540
HD 5234,4.830,50.420166,12.338344,86.296046,K2III,1.216
HD 5395,4.620,30.437701,7.682860,52.621600,G8III-IV,0.957
Cih,2.150,79.836717,20.168018,146.837047,B0IV:evar,-0.046
HD 5448,3.860,30.180673,7.630372,24.761577,A5V,0.130
HD 5516,4.400,62.619150,15.963361,27.988017,G8III-IV,0.940
HD 5737,4.300,200.770598,52.489589,-116.727788,B7IIIp,-0.154
HD 6186,4.270,53.144471,14.974142,7.651854,K0III,0.952
HD 6595,3.320,65728.037190,19495.774096,-72799.312620,G8IIIvar,0.885
HD 6882,3.940,49.896436,15.346501,-75.238648,B6V + B0V,-0.120
NN 3075,3.460,35.733354,11.025427,-6.716585,K2III,1.161
HD 5848,4.240,5.357793,1.657180,85.727534,K2II-III,1.213
HD 6811,4.260,142.401313,44.559066,161.368161,B7III,0.012
Mirach,2.070,46.946371,14.741814,35.255129,M0IIIvar,1.576
HD 6961,4.340,22.283015,7.143859,33.605678,A7Vvar,0.170
HD 7087,4.660,104.513869,33.683383,42.227416,K0III,1.024
HD 7106,4.510,42.613504,13.776233,25.950131,K0III-IV...,1.092
HD 7318,4.670,118.013398,39.343134,56.911417,K0III...,1.047
Gl 55,4.970,10.023612,3.411601,-10.786636,F8V,0.571
Gl 55.3A,4.250,7.143194,2.451560,-19.547464,F6IV,0.480
HD 7964,4.740,78.942697,28.524892,43.257068,A3V,0.032
HD 7927,4.950,49467.137003,18024.596194,85018.328882,F0Ia,0.683
HD 8207,4.870,43.117698,16.194066,46.916563,K0III-IV,1.077
HD 8512,3.600,32.241501,12.380133,-4.966510,K0III,1.065
HD 8705,4.900,79.449924,31.144316,-22.226489,K2III,1.231
Ruchbah,2.660,14.082378,5.534130,26.457567,A5Vv SB,0.160
HD 8491,4.720,20.730917,8.159197,55.504166,K0III,1.047
HD 8799,4.830,18.641784,7.499275,20.380957,F5IV,0.421
HD 9053,3.410,48.291055,19.600485,-49.144111,K5II-III,1.542
HD 9138,4.840,85.579481,35.529252,9.974354,K4III,1.372
HD 9362,3.930,26.311780,11.067445,-32.921160,K0III-IV,0.972
HD 9270,3.620,95.233975,40.171366,28.364911,G8III,0.974
HD 9408,4.680,29.942244,13.008585,54.833867,K0III,0.991
Gl 61,4.100,9.229933,4.147969,8.922950,F8V,0.536
Achernar,0.450,21.065573,9.568417,-35.951967,B3Vp,-0.158
HD 9927,3.590,32.669331,14.886999,40.762548,K3III,1.275
HD 10205,4.960,150.121031,70.465886,142.023934,B8III,-0.068
HD 10380,4.450,100.168039,47.473101,10.649285,K3III,1.347
Gl 67,4.960,8.465575,4.028160,8.624862,G2V,0.618
HD 10550,4.980,328.229658,157.834292,-23.489626,K3II-III,1.378
HD 10516,4.010,125.512408,60.986585,170.421939,B2Vpe,-0.098
Gl 71,3.490,3.154083,1.539508,-1.002260,G8V,0.727
HD 10761,4.260,75.808974,37.546943,13.637807,K0III,0.942
Wo 9061A,4.660,20.228295,10.483677,-4.299405,F3III,0.333
HD 11353,3.740,62.659060,33.127470,-12.925362,K2III,1.136
Gl 78.1,3.420,14.872602,7.998180,9.584806,F6IV,0.488
HD 11502,3.880,41.769649,22.568336,16.620371,A1p Si,-0.047
HD 11559,4.610,48.236339,26.069281,3.053521,K0III SB,0.928
HD 11695,4.390,63.693781,34.455513,-75.786103,M4III SB,1.597
HD 11415,3.350,49.169644,26.806887,113.163436,B2pvar,-0.150
Sheratan,2.640,14.752622,8.063457,6.389157,A5V...,0.165
HD 11977,4.680,22.365936,12.262188,-62.029417,G5III,0.931
Gl 81A,3.690,9.696827,5.372709,-13.991232,G5IV,0.844
HD 11529,4.970,68.369027,37.897739,200.343411,B8III,-0.084
HD 11930,4.920,87.291762,48.720739,-41.462783,K3III,1.434
HD 12055,4.820,44.938717,25.210184,-56.006405,G8III,0.864
HD 11973,4.790,31.505782,17.812162,15.809093,F0V,0.290
Gl 83,2.860,9.103629,5.191033,-19.357346,F0V,0.290
HD 12274,3.990,72.537969,41.881981,-32.283342,K5/M0III,1.554
HD 12111,4.490,9.939030,5.852056,33.321120,A3IV,0.164
HD 12446,3.820,39.728779,23.413015,2.226137,A2,0.024
HD 12303,4.990,111.632689,65.954843,181.694021,B8III,-0.071
HD 12216,3.950,12.488444,7.461980,45.920103,A2V,-0.002
Almaak,2.100,76.368059,45.840864,81.131974,B8V,1.370
HD 12767,4.680,84.934027,51.281306,-55.669463,B9.5p (Si),-0.156
Hamal,2.010,15.731986,9.751722,8.033610,K2III,1.151
HD 13041,4.780,39.240709,24.636572,36.016533,A5IV-V,0.120
HD 13174,4.980,67.224647,42.588967,38.710457,F2III,0.339
HD 13161,3.000,26.909766,17.068198,22.302471,A5III,0.140
HD 13480,4.940,64.466842,42.013918,44.970869,F5V comp SB,0.770
HD 13611,4.360,97.101875,63.662733,18.071856,G8II:,0.878
HD 13520,4.840,97.371981,63.974858,113.424253,K4III,1.476
HD 14228,3.560,24.277871,16.454316,-36.887020,B8IV-V,-0.120
Gl 92,4.840,7.369210,5.020051,6.065246,G0V,0.607
HD 14055,4.030,23.617959,16.128369,19.179839,A1Vnn,0.019
Mira,6.470,75.131148,52.288786,-4.761374,M5e-M9e,0.966
Gl 97.1,4.080,12.697968,9.036411,-39.890188,A3V,0.034
HD 14872,4.730,58.248225,42.953597,87.107710,K4III,1.532
HD 15130,4.880,109.868541,81.261421,-29.771764,A0V,-0.027
HD 15371,4.240,83.993856,62.712836,-115.214518,B5IV,-0.136
HD 15318,4.300,46.745585,35.276211,8.710480,B9III,-0.053
HD 15089,4.460,12.456271,9.477611,37.605991,A5p Sr,0.153
Polaris,1.970,1.343100,1.047629,132.614909,F7:Ib-IIv SB,0.636
HD 15798,4.740,20.289578,15.864382,-7.019183,F5V,0.454
HD 16046,4.960,102.355734,81.304512,-70.185255,B9V,-0.050
HD 16161,4.870,80.687079,65.266003,10.163258,G8III,0.880
268 G. Cet,5.790,5.538462,4.488223,0.861013,K3V,0.918
HD 16582,4.080,152.884758,127.698502,1.142144,B2IV,-0.212
Gl 105.4A,4.830,16.130169,13.482598,-4.419553,F5V,0.447
HD 16978,4.120,13.225285,11.057012,-43.245786,B9III,-0.061
HD 16754,4.740,20.044606,16.789617,-24.290419,A2V,0.061
HD 16815,4.110,27.095858,22.870882,-29.600515,K0III,1.006
Gl 105.6,4.910,14.037312,12.015355,15.611278,F9V,0.582
Gl 106.1A,3.470,18.440324,15.931398,1.377729,A3V,0.093
HD 16908,4.650,70.405829,60.907841,48.890970,B3V,-0.122
HD 17081,4.240,88.240919,76.789504,-28.858845,B7IV,-0.122
Gl 107A,4.100,5.480091,4.772164,8.427010,F7V,0.514
Wo 9099,4.270,19.080598,16.724750,4.526074,F1III-IV,0.311
Gl 111,4.470,10.131041,8.892749,-4.529443,F5/F6V,0.481
HD 17566,4.830,24.908967,21.949375,-80.615286,A2IV/V,0.058
HD 17361,4.520,34.120953,30.698125,25.701009,K1III,1.112
HD 17652,4.450,33.071703,30.064017,-28.370335,G8III,0.981
HD 17573,3.610,33.287607,30.498162,23.262430,B8Vn,-0.100
HD 18293,4.760,19.732423,18.156708,-100.544043,K3III,1.337
HD 17584,4.220,21.366064,19.678840,22.955795,F2III,0.343
HD 17506,3.770,111.116108,102.442422,223.184985,K3Ib comp SB,1.690
HD 17824,4.760,39.279245,36.321660,-20.540573,K0III,0.906
HD 17709,4.560,85.936298,79.796835,82.296682,K5III,1.554
HD 17878,3.930,34.175398,32.504346,62.052515,G4III...,0.758
HD 18322,3.890,29.694338,28.782724,-6.474577,K1III-IV,1.088
Acamar,2.880,26.857490,26.453029,-31.974932,A4III+...,0.128
HD 18411,4.680,51.973098,51.414240,60.614272,A2Vn,0.065
HD 18866,4.980,28.076248,27.782942,-81.241239,A5III,0.126
HD 18449,4.940,65.495403,64.961056,65.032724,K2III,1.235
HD 18519,4.630,67.368381,66.906756,37.095654,A2Vs,0.048
HD 18604,4.710,123.577264,123.270329,27.356434,B6III,-0.109
Menkar,2.540,53.342561,54.414384,5.448321,M2III,1.630
Gl 121,4.080,17.419759,17.787178,-10.889644,A4V,0.163
HD 18925,2.910,30.696986,32.009546,59.949578,G8III+...,0.716
HD 19058,3.320,50.772204,53.119196,59.165375,M3IIIvar,1.528
HD 18970,4.770,24.508776,25.723305,54.100758,K0II-III,1.018
Algol,2.090,14.189428,15.238793,18.072114,B8V,-0.003
Gl 124,4.050,4.634786,5.016825,8.029067,G0V,0.595
HD 19476,3.790,16.593574,18.028979,24.381331,K0III,0.980
HD 19656,4.610,45.694336,50.433482,56.323324,K1III,1.115
HD 19787,4.350,32.830084,36.343153,17.561644,K2IIIvar,1.033
HD 19275,4.850,9.131248,10.135747,48.840454,A2Vnn,0.035
Gl 127A,3.800,8.329775,9.257280,-6.899408,F8V,0.543
HD 20150,4.870,49.491233,56.385083,28.865954,A1V,-0.007
HD 20320,4.800,21.831836,25.077889,-5.159020,A5m,0.232
HD 20610,4.860,46.893889,55.084739,-29.981486,K0III,0.904
HD 20468,4.850,193.138960,227.601514,203.036213,K2II,1.491
Gl 137,4.840,5.884410,6.973226,0.537318,G5Vvar,0.681
HD 20720,3.700,55.881991,66.313063,-34.611249,M3/M4III,1.614
82 G. Eri,4.260,2.839238,3.381499,-4.127499,G8V,0.711
HD 20336,4.740,61.920738,73.786336,212.864571,B2.5Vne,-0.108
HD 20644,4.470,93.334252,111.566498,80.790225,K2II-III,1.555
HD 20677,4.960,21.424658,25.861789,31.680272,A3V,0.051
Mirphak,1.790,62.885098,77.880689,118.708804,F5Ib,0.481
HD 21120,3.610,55.200207,68.663325,13.999272,G8III,0.887
HD 21364,3.730,39.077692,49.645163,10.836642,B9Vn,-0.082
HD 21278,4.990,64.836812,83.025530,121.451613,B5V,-0.091
HD 21291,4.210,182.465205,235.803468,515.181030,B9Ia,0.419
HD 21428,4.670,65.571385,84.967730,125.703720,B3V,-0.096
Gl 143.2A,4.710,6.026531,7.809946,-19.308690,F5IV-V,0.410
HD 21389,4.550,242.150448,315.326967,658.519557,A0Ia SB:,0.489
HD 21552,4.360,44.768095,58.646849,81.928338,K3III,1.367
HD 21790,4.740,74.875272,98.125761,-10.961868,B9Vs,-0.092
HD 21754,4.140,61.947656,81.371655,23.491538,K0II-III...,1.112
Gl 144,3.720,1.898970,2.541426,-0.528523,K2V,0.881
HD 22203,4.260,49.785855,67.151682,-33.152769,B9V,-0.106
HD 22192,4.320,69.889300,96.627834,133.343535,B5Ve,-0.058
Gl 147,4.290,8.163865,11.327087,0.097883,F9V,0.575
HD 22663,4.570,31.528759,43.834385,-45.750304,K0III,1.023
HD 23227,4.990,124.650555,181.789430,-137.404463,B5III,-0.159
HD 22951,4.970,151.663187,221.451739,180.804876,B0.5V,-0.048
HD 23319,4.590,25.315940,37.123698,-34.247304,K2IIICN...,1.191
HD 22928,3.010,59.860731,87.855481,117.192812,B5III SB,-0.125
Gl 150,3.520,5.006502,7.370189,-1.533131,K0IV,0.915
Gl 154.2,3.840,7.098485,10.543736,-27.019807,K0IV SB,1.133
HD 23180,3.840,162.113525,241.065988,183.566740,B1III,0.022
HD 23302,3.720,62.965631,94.124106,50.687766,B6III,-0.105
HD 23230,3.770,69.722894,104.539005,115.460753,F5IIvar,0.425
HD 23338,4.300,63.361504,95.013970,51.966577,B6V,-0.110
HD 23408,3.870,59.147180,89.215057,48.483190,B8III,-0.063
HD 23089,4.780,75.241521,113.719424,271.648759,A3V...,0.747
HD 23614,4.430,79.523115,120.308509,-30.921273,M1III,1.604
HD 23480,4.140,58.663928,88.906234,47.309232,B6IV,-0.051
Gl 155,4.220,8.889125,13.538595,-6.958253,F3/F5V,0.434
HD 24512,3.260,9.756821,14.915528,-63.149939,M2III,1.590
Alcyone,2.850,61.664507,94.489136,50.483636,B7III,-0.086
HD 24071,4.300,21.799174,33.760304,-30.970368,A+...,-0.038
HD 23850,3.620,57.849417,90.077197,47.782936,B8III,-0.070
HD 24160,4.170,28.005042,43.728900,-38.005771,G8III,0.927
HD 23475,4.390,54.468786,85.106118,221.987540,M1III,1.870
HD 23401,4.590,18.873061,29.727281,104.223388,A2IVn,0.064
HD 24587,4.640,55.029310,89.546639,-48.147454,B5V,-0.136
HD 24398,2.840,102.130978,166.878316,121.704179,B1Ib,0.271
HD 24554,4.460,49.973192,81.782305,-4.946929,G8III,0.672
HD 24480,4.990,110.663325,186.263742,392.618574,K3I-II,1.435
HD 24479,4.950,25.533963,43.100035,98.625998,B9.5V,-0.074
HD 24760,2.900,76.156467,129.099690,125.816858,B0.5V,-0.199
Zaurak,2.970,30.760217,52.235828,-14.563080,M1IIIb Ca-1,1.588
HD 25422,4.560,38.969270,66.651739,-141.610379,M2III,1.590
HD 24912,3.980,156.010150,267.421217,223.218208,O7.5Iab:,0.016
HD 25267,4.620,45.881115,79.408177,-40.863054,Ap Si,-0.121
HD 25204,3.410,72.055648,125.663969,32.088342,B3V + A,-0.099
HD 25705,4.480,33.370231,58.324809,-127.230070,M4III,1.500
HD 25728,4.970,23.426639,41.113996,-85.644921,K4III,1.386
HD 25490,3.910,17.402678,31.124499,3.741217,A1V,0.032
HD 25604,4.360,25.633221,46.576223,21.568111,K0III,1.064
HD 25642,4.250,39.202478,72.642846,99.608154,A0IVn,-0.011
HD 25940,3.960,45.931031,86.988502,108.154671,B3Ve,-0.025
HD 26612,4.930,18.681766,36.211985,-36.680469,A9V,0.334
HD 26574,4.040,16.838836,33.000244,-4.442368,F2II-III,0.327
HD 26722,4.840,44.823011,89.841902,16.376460,G5III,0.799
HD 26967,3.850,11.637776,23.342255,-23.728596,K1III,1.085
HD 26846,4.870,32.507483,65.482178,-13.228201,K3III,1.156
HD 27256,3.330,10.180685,20.514413,-43.944776,G7III,0.915
HD 26673,4.670,98.172669,198.830839,189.280262,G5II comp,1.007
HD 26630,4.120,81.176514,164.424627,206.603982,G0Ib...,0.935
Gl 166A,4.430,2.179524,4.432894,-0.663740,K1V,0.820
HD 26912,4.270,60.741083,123.898045,21.589212,B3IV,-0.054
Gl 167.1,4.260,5.584439,11.453148,-16.011327,F4III,0.312
Gl 167.3,4.440,4.063966,8.377204,-15.682734,K2IV,1.078
HD 27045,4.930,11.744304,24.419494,10.173490,A3m,0.259
HD 27376,3.550,19.536379,40.910335,-30.347713,B9V,-0.108
HD 26961,4.600,26.385569,55.470171,73.976007,A2V,0.043
HD 27371,3.650,20.197375,43.211662,13.342572,G8III,0.981
HD 27382,4.970,36.823987,79.288446,45.220144,K1III,1.150
HD 27348,4.930,23.204333,49.995533,37.976140,G8III,0.950
HD 27396,4.800,44.585331,97.329822,112.808858,B4IV,-0.022
HD 27697,3.770,18.695965,41.472036,14.380508,G8III,0.983
HD 28028,3.970,30.609599,68.780131,-50.811792,K4III,1.468
HD 27819,4.800,19.182021,43.132146,14.833155,A7V,0.154
HD 27934,4.210,17.521422,39.995220,17.902800,A7IV-V,0.136
HD 27962,4.300,17.364830,39.694452,14.017394,A2IV,0.049
HD 28024,4.280,17.275942,39.878289,18.280854,A8Vn,0.263
HD 28052,4.480,18.787236,43.386530,13.216923,F0V...,0.262
HD 28100,4.690,48.956077,113.410664,32.438204,G8III,0.979
HD 28292,4.960,21.363370,50.598509,16.122899,K2IIIvar,1.137
HD 28307,3.840,17.673807,41.929015,13.014908,G7III,0.952
HD 28305,3.530,16.488448,39.136798,14.772771,K0III,1.014
HD 28319,3.400,17.209733,40.871602,12.608233,A7III,0.179
Gl 170.1,4.780,15.781048,38.363950,12.047208,A6IV,0.170
HD 28749,4.910,75.473050,186.515934,-0.154555,K3II-III,1.320
HD 29085,4.490,12.461010,31.436528,-19.340438,K0III,0.972
HD 28910,4.650,17.218125,43.626235,12.430714,A8V,0.255
HD 29305,3.300,10.857822,27.562880,-42.378779,A0V:,-0.079
HD 29291,3.810,20.338212,52.673930,-33.342657,G8III,0.957
HD 29140,4.250,16.960482,43.985163,8.448853,A5m,0.184
Aldebaran,0.870,7.027220,18.287604,5.806661,K5III,1.538
HD 29248,3.930,73.800655,193.060106,-12.107266,B2III SB,-0.210
HD 29094,4.250,65.344458,171.773203,161.256794,G8II comp,1.171
HD 29388,4.270,16.067112,43.063758,10.198975,A6V,0.122
Wo 9160A,3.860,11.405856,30.579706,-8.321655,K1III,1.082
HD 29573,4.990,24.167507,65.414460,-14.979556,A0V,0.074
HD 29488,4.670,15.820925,43.043494,13.078825,A5Vn,0.147
HD 29755,4.320,36.197962,100.052855,-38.036843,M3/M4III,1.599
Gl 174.1A,4.440,5.101798,14.124725,-13.457617,F2V,0.342
HD 29763,4.270,37.416474,106.020957,47.623853,B3V,-0.112
HD 30211,4.010,51.015593,151.376745,-9.083835,B5IV,-0.148
Gl 178,3.190,2.413721,7.636770,0.977904,F6V,0.484
HD 30504,4.890,36.867000,116.768408,93.919491,K4II,1.447
HD 30739,4.350,20.273136,64.902011,10.647890,A1Vn,0.010
HD 30836,3.680,94.925539,306.683598,31.506969,B2III SB,-0.157
HD 30959,4.710,56.131664,185.136392,49.134544,M3Sv,1.773
HD 30834,4.790,42.857564,141.578185,110.271052,K3III,1.414
HD 31109,4.360,20.701060,68.667532,-6.846096,A9IV,0.257
HD 30614,4.260,11388.133562,38476.633833,91596.173902,O9.5Ia SB:,-0.008
HD 31237,3.710,116.339905,394.346209,17.524650,B2III SB,-0.179
HD 31295,4.640,9.838820,33.698243,6.285324,A0V,0.085
HD 31421,4.060,15.193314,53.311153,13.323302,K2III,1.158
Hassaleh,2.690,34.378539,121.884168,82.763748,K3IIvar,1.490
HD 31278,4.430,18.219549,64.912267,91.957342,A1V,-0.017
HD 31767,4.470,76.757549,279.372806,8.669789,K2IIvar,1.369
HD 31647,4.930,10.806482,39.813476,32.104087,A1V,0.037
HD 32045,4.780,22.503515,83.880239,-19.312900,F0V,0.267
HD 32309,4.910,14.410135,55.150015,-20.805379,B9V,-0.047
HD 32249,4.800,56.864041,217.677719,-28.318040,B3V,-0.164
HD 31964,3.030,118.129799,456.518488,452.573030,F0Ia,0.537
HD 32068,3.690,45.114162,175.957014,158.327189,K4II comp,1.154
HD 32301,4.620,12.103194,47.740064,19.489629,A7V,0.155
HD 31910,4.030,32.233956,127.899195,232.582593,G0Ib,0.921
HD 32831,4.550,10.872233,43.938165,-32.265726,K2III,1.177
HD 32549,4.650,25.857529,104.817125,29.745307,A0p Si,-0.064
HD 32887,3.190,14.257014,58.775516,-24.892270,K4III,1.460
Gl 189,4.710,1.474776,6.085643,-9.818715,F7V,0.526
HD 32630,3.180,12.978524,54.599524,49.189770,B3V,-0.148
Gl 187.2A,4.980,3.765141,15.889624,20.601167,F0V,0.343
Gl 188A,4.910,3.324007,14.241868,4.934537,G4V,0.657
Cursa,2.780,6.156194,26.585876,-2.429001,A3IIIvar,0.161
HD 33328,4.250,54.107143,239.830695,-37.859151,B2IVn,-0.187
HD 33276,4.810,34.604537,155.127325,44.368602,F2IV,0.313
Kapteyn's Star,8.860,0.578997,2.705174,-2.768220,M0V,1.543
HD 33802,4.450,14.372474,68.052698,-14.618273,B8V,-0.099
HD 33904,3.290,11.164848,53.596933,-15.911275,B9IV: HgMn,-0.110
HD 33949,4.360,44.086239,213.030877,-49.989446,B7V,-0.094
HD 33856,4.460,21.689404,104.944819,5.355998,K3III...,1.166
HD 33641,4.820,7.409615,35.960293,29.188797,A4m,0.189
HD 34649,4.810,11.702924,57.211867,-138.819870,K2III,1.274
Rigel,0.180,51.601106,256.709905,-37.740051,B8Ia,-0.030
Capella,0.080,1.712633,8.954439,9.440007,M1: comp,0.795
HD 34642,4.810,4.908599,26.156164,-18.562012,K0/K1III/IV,0.987
HD 34503,3.590,27.668638,147.869248,-18.056628,B5III,-0.115
HD 34334,4.540,10.794657,58.493626,39.178443,K3III...,1.252
Gl 197,4.690,1.713487,9.509166,8.136149,G0V,0.630
HD 34559,4.960,12.416474,69.140625,28.519208,G8III,0.937
HD 34816,4.290,44.609015,250.278024,-59.518691,B0.5IV,-0.235
HD 34968,4.700,20.415286,117.121070,-46.208191,A0V,-0.048
HD 35039,4.720,47.312310,280.938174,-1.901776,B2IV-V,-0.168
HD 35149,4.990,76.738804,469.043727,29.439495,B1V,-0.096
HD 35369,4.130,7.487188,47.201778,-6.553529,G8III,0.943
HD 35411,3.350,46.180743,295.553220,-12.522729,B1V + B2,-0.240
HD 35439,4.890,48.768920,314.547885,10.261456,B1V:pe,-0.200
Bellatrix,1.640,11.658576,76.036136,8.560120,B2III,-0.224
Alnath,1.650,5.281578,35.650400,19.655456,B7III,-0.130
HD 35715,4.590,50.169162,344.287666,18.816533,B2IV,-0.199
HD 35708,4.880,25.011528,175.931393,71.568309,B2.5IV,-0.140
Nihal,2.810,6.349344,45.531613,-17.425966,G5II,0.807
HD 36167,4.710,20.507341,154.378852,-2.969161,K5III,1.592
HD 36267,4.200,11.740832,91.601407,9.621952,B5V,-0.143
HD 36597,3.860,8.234768,65.213718,-46.834868,K1II/III,1.130
HD 36512,4.620,106.296082,863.562613,-111.483545,B0V,-0.261
Mintaka,2.250,25.868117,210.729667,-1.108306,O9.5II,-0.175
HD 36389,4.320,62.986531,516.946545,175.200013,M2Ib,2.060
HD 36371,4.710,10046.583496,84028.272688,53275.843950,B5Iab,0.281
Arneb,2.580,76.877195,643.047236,-208.208000,F0Ib,0.211
HD 37350,3.760,16.370231,141.620663,-273.743541,F6Ia,0.640
HD 36822,4.390,36.048184,326.789901,54.956117,B0IV...,-0.157
HD 36960,4.780,53.503643,489.420150,-51.764207,B0.5V,-0.248
HD 36861,3.390,35.907504,329.702779,58.086365,O...,-0.160
HD 37020,4.980,10724.717134,98978.942834,-9388.789872,O7,
HD 37041,4.980,50.584197,469.098632,-44.733371,O9.5Vpe,-0.097
HD 37018,4.580,28.945888,268.481412,-22.857731,B2III...,-0.183
Hatsya,2.750,76.014147,706.411475,-73.546040,O9III,-0.210
Alnilam,1.690,62.775122,602.666910,-12.712683,B0Ia,-0.184
HD 37160,4.090,3.576264,35.371090,5.815826,G8III-IV,0.951
HD 37202,2.970,12.391949,126.637551,49.207351,B4IIIp,-0.148
HD 37468,3.770,30.430713,327.196967,-14.922443,O9.5V...,-0.190
Wo 9187,4.770,4.071114,44.062353,-5.600145,A4V,0.139
HD 37490,4.500,38.330467,420.891434,30.453889,B3IIIe,-0.098
Phakt,2.650,5.885917,66.110037,-44.893180,B7IV,-0.120
Alnitak,1.740,18.918488,224.809409,-7.651875,O9.5Ib SB,-0.199
HD 37756,4.950,22.993110,274.467450,-5.426942,B2IV-V,-0.197
HD 37711,4.840,15.234526,186.249582,55.475059,B3IV...,-0.125
HD 37984,4.900,6.872956,89.717105,2.316338,K1III,1.144
Gl 216A,3.590,0.558889,8.231515,-3.408750,F7V,0.481
HD 39014,4.340,1.251539,18.809293,-41.819199,A7V,0.217
Gl 217.1,3.550,1.188275,20.854933,-5.527610,A2Vann,0.104
Gl 219,3.850,0.677437,12.197820,-15.122127,A3V,0.171
Saiph,2.070,10.444137,195.314937,-33.326707,B0.5Iavar,-0.168
HD 38751,4.880,4.857404,101.274086,46.350723,G8IIIvar,1.021
HD 38656,4.510,2.321024,49.098662,40.061577,G8III,0.949
HD 38899,4.890,3.392778,74.348536,16.706174,B9IV,-0.068
HD 39523,4.500,1.339002,30.148060,-45.022342,K1III,1.075
HD 39425,3.120,0.855327,21.672805,-15.624858,K1.5III,1.146
HD 38944,4.720,4.981894,127.373150,97.126124,M1III,1.621
HD 39364,3.760,1.233354,32.555386,-12.426988,G8III/IV,0.984
HD 39003,3.970,2.033173,54.730173,44.585685,K0III,1.132
HD 39400,4.760,12.726124,385.688226,12.499052,K2IIvar,1.382
HD 39764,4.880,2.560109,85.189583,-57.058132,B5V,-0.154
HD 39357,4.560,3.345638,114.880414,60.114815,A0V,-0.008
Gl 224.1,4.650,0.305734,11.875322,-23.404792,K1III/IV,1.022
Gl 222A,4.390,0.199145,8.123910,3.002187,G0V,0.594
HD 39283,4.960,0.925394,41.145542,60.348077,A2V,0.052
Betelgeuse,0.450,3.189296,151.364387,19.682142,M2Ib,1.500
HD 40176,4.970,1.597973,81.348628,-61.581503,K1IIICN...,1.102
Gl 225,3.710,0.226289,14.424355,-3.641720,F1V,0.337
HD 40494,4.360,2.339512,217.669281,-154.031992,B2.5IV,-0.165
HD 40111,4.810,3.747114,428.148631,208.403863,B1Ib,-0.088
HD 40808,3.960,0.395224,106.157169,-98.355400,K0III,1.146
HD 40035,3.720,0.046526,22.556370,31.372845,K0III,1.010
Menkalinan,1.900,0.036195,17.601288,17.569058,A2V,0.077
HD 40312,2.650,0.049188,40.426416,30.699340,A0p Si,-0.083
HD 40239,4.300,0.045456,160.242415,165.569637,M3IIvar,1.701
HD 40657,4.530,-0.031384,128.846834,-6.920028,K2IIIvar,1.202
HD 40967,4.920,-1.897366,236.276842,-44.210601,B5III,-0.128
HD 40932,4.120,-0.487031,46.831940,7.961214,Am...,0.170
HD 41117,4.640,-8.871117,518.633356,190.215445,B2Iavar,0.236
HD 41116,4.160,-0.785331,43.678266,18.780748,G7III,0.835
HD 41511,4.920,-5.809895,267.039134,-79.040392,Ap shell,0.196
HD 41695,4.670,-1.374348,51.158602,-13.650887,A0V,0.046
HD 41753,4.420,-5.054138,152.917263,40.334489,B3IV,-0.164
HD 42933,4.720,-10.273101,228.464394,-326.230539,B0.5IV,-0.229
HD 42560,4.450,-9.400594,180.278110,45.708737,B3IV,-0.180
HD 42545,4.950,-8.185486,155.478891,45.028347,B5Vn,-0.149
HD 43232,3.990,-9.829941,151.438427,-16.686522,K3III,1.319
HD 42995,3.310,-7.067151,108.713368,45.140745,M3III,1.600
HD 43039,4.320,-3.166482,47.119755,26.717109,G8IIIvar,1.021
HD 43785,4.370,-3.302105,45.641526,-32.209615,G8II,0.978
HD 42818,4.760,-1.556212,18.881878,50.191283,A0Vn,0.025
HD 43378,4.440,-2.113811,24.627350,41.155331,A2Vs,0.032
Red Rectangle,8.850,-37.678828,431.315480,-81.318571,B8,0.344
HD 44131,4.910,-12.394869,141.721462,-7.317466,M1III,1.613
HD 44402,3.020,-8.512138,95.786306,-55.662081,B2.5V,-0.160
HD 44762,3.850,-5.767253,59.585068,-39.527310,G7II,0.858
Mirzam,1.980,-14.209731,142.995999,-46.568852,B1II/III,-0.240
HD 44478,2.870,-6.562116,65.281443,27.194957,M3IIIvar,1.621
HD 44769,4.390,-3.869140,37.174221,3.002439,A5IV,0.215
Canopus,-0.620,-5.992679,57.132034,-75.396105,F0Ib,0.164
HD 44537,4.920,-7072.184850,64841.320779,75799.652572,K5Iabvar,1.905
HD 45813,4.470,-13.417279,108.608383,-69.932353,B4V,-0.169
HD 45725,3.760,-25.823011,204.282357,-25.402943,B3Ve,-0.113
HD 45542,4.130,-19.745914,155.415378,57.679070,B6III,-0.115
HD 46328,4.340,-53.872246,385.075042,-168.408118,B1III,-0.245
HD 46300,4.470,-14190.694310,98161.685934,12763.527373,A0Ib,0.023
HD 47306,4.350,-38.301434,249.019454,-334.050014,B9III,-0.021
HD 46933,4.540,-18.983936,123.138801,-52.796495,A0III,-0.035
Gl 239.1,3.950,-2.971851,18.407811,-6.513678,K1III+...,1.037
Alhena,1.930,-5.266162,31.714389,9.461403,A0IV,0.001
HD 47670,3.170,-13.618850,81.907249,-77.960909,B8III SB,-0.103
HD 47442,4.420,-20.194927,121.035795,-40.433628,K0II/III,1.137
HD 47667,4.820,-50.114033,289.536851,-74.057517,K2III,1.459
HD 47174,4.800,-16.062194,92.675681,86.154051,K3III,1.236
HD 47839,4.660,-49.352633,273.075535,48.410212,O7,-0.233
HD 48329,3.060,-44.684834,230.247724,110.023705,A3mA6-A9,1.377
HD 48433,4.490,-16.447960,84.640667,20.268144,K1III,1.167
Sirius,-1.440,-0.494323,2.476731,-0.758485,A0m...,0.009
Gl 242,3.350,-3.444569,17.203451,4.016900,F5IV,0.443
HD 48250,4.860,-6.706626,32.791585,56.689392,A3V,0.084
HD 49161,4.770,-30.670670,146.395704,21.120444,K4III,1.396
HD 49293,4.480,-23.378565,110.316881,4.750306,K0III,1.099
Gl 248,3.240,-2.906455,13.618019,-26.124095,A7IV,0.225
HD 50013,3.500,-36.758571,166.353338,-108.570651,B1.5IVne,-0.116
HD 50337,4.410,-21.369861,96.682187,-134.411909,G6II,0.899
HD 50310,2.940,-7.654383,34.572281,-43.130564,K0III...,1.207
HD 49520,4.990,-19.027882,84.492261,77.385743,K3III,1.256
HD 50235,4.990,-45.430987,201.296088,-141.124218,K2/K3III,1.379
HD 50019,3.600,-10.977360,46.812348,32.384569,A3III,0.102
HD 50707,4.820,-81.065196,340.615870,-128.990912,B1Ib,-0.212
HD 50877,3.890,-21346.953289,88690.467029,-40967.166217,K3Iab,1.740
HD 50778,4.080,-18.313512,76.003688,-16.672541,K4III,1.418
Wo 9220A,4.730,-5.893353,24.247254,5.842527,F0Vp,0.321
HD 51199,4.660,-6.675726,26.963324,-10.185168,F2IV/V,0.374
HD 51309,4.360,-178.337623,713.454932,-225.597739,B3Ib/II,-0.063
HD 51799,4.940,-42.307688,168.850157,-198.287093,M1III,1.668
HD 50522,4.350,-7.080952,27.740855,46.579360,G5III-IV,0.850
HD 50973,4.900,-12.970166,50.498584,52.309156,A2Vn,0.027
Adhara,1.500,-27.497987,105.141608,-60.171969,B2II,-0.211
HD 49878,4.550,-3.289278,12.261351,54.888833,K4III,1.365
HD 52877,3.490,-80.775471,292.659236,-160.985300,K4III,1.729
HD 52918,4.990,-100.870652,358.181085,-27.582498,B1V,-0.195
HD 53138,3.020,-210.498109,746.064177,-342.438173,B3Ia,-0.077
HD 53244,4.110,-35.835279,125.471916,-36.514903,B8II,-0.112
HD 53811,4.920,-10.806546,37.753134,-46.115083,A4IV,0.140
HD 52973,4.010,-109.067807,379.683873,148.251630,G3Ibv SB,0.899
Wezen,1.830,-129.733458,421.761488,-218.979855,F8Ia,0.671
HD 55865,3.780,-4.228120,13.669876,-40.404484,G8IIIvar,1.006
HD 54893,4.830,-50.854474,164.154600,-142.449266,B3IV/V,-0.179
HD 54810,4.910,-18.708565,59.130780,-4.594836,K0III,1.020
HD 54719,4.410,-25.971151,80.964075,49.576976,K2III,1.261
HD 54716,4.910,-35.409626,109.539726,94.294231,K4II-III,1.451
HD 55185,4.150,-36.330133,112.038272,-1.012987,A2V,-0.005
Gl 268.1,4.490,-4.570150,13.949318,-15.609196,F0IV,0.324
HD 56022,4.870,-12.514570,37.828102,-40.099419,Ap,-0.003
HD 56096,4.420,-14.376520,43.256072,-45.012936,M5e,1.331
HD 56014,4.420,-151.739539,451.839925,-236.113130,B3III,-0.170
HD 56456,4.750,-24.589751,72.819168,-86.179461,B8/B9V,-0.091
HD 56139,4.010,-79.967595,236.217084,-125.824594,B2IV/Ve,-0.150
HD 56618,4.660,-36.012762,103.730384,-58.092035,M2III,1.589
HD 56577,4.830,-131.002952,377.175131,-172.085079,K4III,1.601
HD 57623,3.970,-27.934552,80.182853,-209.706812,F6II,0.760
HD 56855,2.710,-65.206299,186.349551,-149.300305,K3Ib,1.616
Wo 9231A,3.580,-9.909037,27.946222,8.805756,A3V...,0.106
HD 57150,4.650,-66.140466,185.983966,-147.315434,B2V+...,-0.099
HD 57060,4.880,-179.020796,500.860177,-243.055684,O7f,-0.160
HD 57061,4.370,-280.076390,783.212348,-387.061103,O9Ib,-0.132
Gl 271A,3.500,-5.888392,16.151258,6.939513,F0IV...,0.374
HD 57821,4.940,-48.962555,130.564555,-48.059375,B5II/III,-0.039
Aludra,2.450,-190.762166,496.337122,-298.432917,B5Ia,-0.083
HD 58367,4.990,-115.111431,293.547700,51.499062,G8III,0.991
HD 58207,3.780,-11.927106,30.384970,17.208794,G9III+...,1.024
HD 58142,4.610,-20.244731,50.928261,63.517493,A1V,-0.001
Gomeisa,2.890,-18.209817,45.556204,7.147858,B8Vvar,-0.097
Luyten's Star,9.840,-1.409549,3.514856,0.346358,M5,1.573
HD 58972,4.330,-36.168237,89.336272,15.136711,K3III SB,1.425
Gl 274A,4.160,-5.815731,14.195743,9.506008,F0V...,0.320
HD 59717,3.250,-16.404069,39.982094,-40.727160,K5III SB,1.509
HD 59294,4.550,-65.527801,158.596503,36.495368,K2III,1.276
HD 59612,4.850,-334.921530,810.002495,-372.496613,A6Ib/II,0.243
HD 59890,4.650,-152.353154,364.613906,-237.084709,G2Ib...,0.904
HD 55966,4.920,-7.826627,18.647411,151.798327,M4IIIa,1.633
HD 60414,4.820,-181.711894,418.911139,-118.294243,A4Ia,1.362
Gl 279,4.440,-9.338236,21.462897,-9.597779,F6V,0.521
Castor,1.580,-5.311938,12.130011,8.238737,A2Vm,0.034
HD 60863,4.650,-24.165667,54.673563,-32.279448,B8V,-0.111
HD 61248,4.930,-29.674646,66.915732,-95.513367,K3III,1.373
HD 60522,4.060,-30.104979,67.678521,37.572052,K5III,1.540
HD 61330,4.530,-37.322872,82.499218,-63.328989,B8IV/V,-0.081
HD 61429,4.690,-71.308473,155.929559,-81.286705,B8IV,-0.100
HD 61555,3.800,-39.647242,86.168417,-47.921159,B5IV,-0.159
HD 61110,4.890,-17.604251,38.114150,28.945417,F3III,0.413
Procyon,0.400,-1.469312,3.176170,0.320024,F5IV-V,0.432
HD 61831,4.840,-56.206910,121.287419,-105.603052,B3V,-0.189
HD 61772,4.980,-87.246250,186.278637,-56.133385,K3III,1.543
HD 61935,3.940,-19.103696,40.392645,-7.518267,K0III,1.022
HD 63295,3.930,-5.555002,11.669749,-41.257317,K0III,1.033
HD 61497,4.930,-18.465628,38.280249,69.930770,A3IVn,0.104
HD 62044,4.230,-14.627301,30.220289,18.521324,K1III SB,1.118
HD 62576,4.630,-90.991731,187.515464,-112.746885,K5III,1.632
HD 62623,3.940,-38291.587533,78676.767410,-48411.988585,A2Iab,0.160
HD 62345,3.570,-17.374205,35.446541,17.905243,G8III,0.932
HD 63032,3.620,-121.341631,245.368054,-213.621366,K4III,1.706
Pollux,1.160,-4.055465,8.195180,4.867171,K0IIIvar,0.991
HD 62721,4.890,-44.076766,88.284547,33.035710,K5III,1.425
HD 63462,4.400,-177.636172,348.306930,-190.167555,B1IV:nne,-0.070
HD 63744,4.690,-22.084008,43.185663,-52.156579,K0III,1.039
HD 63922,4.100,-159.874467,309.624302,-365.580595,B0III,-0.160
HD 63700,3.340,-153.118527,296.362603,-154.558514,G6Ia,1.218
HD 64440,3.710,-38.618552,72.465137,-70.319408,G5III...,1.012
HD 64503,4.490,-73.058570,136.476492,-124.742956,B2V,-0.188
HD 64740,4.630,-71.357379,132.718390,-177.136266,B1.5Vp,-0.228
HD 64760,4.220,-160.841113,298.394134,-377.840741,B0.5Ib,-0.130
HD 64145,4.970,-28.943408,53.587317,30.719285,A3V,0.098
HD 65575,3.460,-40.958494,73.302689,-111.359983,B3IVp,-0.177
HD 65228,4.200,-71.949183,128.660129,-62.208733,F7/F8II,0.718
HD 65456,4.760,-157.590853,279.483537,-187.750479,A7III,0.151
HD 65818,4.470,-94.724680,167.015922,-222.796274,B1Vp + B2,-0.180
HD 65695,4.930,-41.952099,72.856948,-5.406614,K2III,1.205
HD 65810,4.610,-35.056533,60.800842,-23.345844,A1V,0.087
HD 66591,4.810,-34.170263,58.986665,-137.130239,B3V,-0.173
HD 65953,4.690,-69.581124,119.047291,-3.352171,K4III,1.475
HD 66141,4.390,-39.573096,67.004089,3.172507,K2III,1.252
HD 66216,4.940,-35.665386,59.640931,36.629896,K2III,1.130
Naos,2.210,-130.674899,218.376203,-213.564535,O5IAf,-0.269
HD 67523,2.830,-9.379037,15.076242,-8.018549,F2mF5IIp,0.458
HD 68520,4.350,-33.295483,53.320205,-160.545681,B6IV,-0.113
HD 67006,4.780,-25.374808,40.428392,60.021585,A2V,0.048
HD 67594,4.360,-172.530830,274.520877,-16.900451,G2Ib,0.970
Gl 297.1,4.740,-5.120016,8.113858,-17.525983,F5V,0.437
HD 67797,4.400,-71.881704,113.895555,-47.019828,B5V,-0.160
HD 68273,1.750,-124.300149,195.993257,-251.831601,WC8 + O9I,-0.145
HD 68290,4.720,-28.615326,44.371776,-12.118680,K0III,0.939
HD 68553,4.440,-217.566963,337.086530,-332.121610,K4III,1.590
HD 68601,4.730,-39688.333489,61447.812029,-68183.594917,A7Ib,0.164
HD 68255,4.670,-13.035978,20.033032,7.603791,G0V,0.531
HD 68752,4.990,-141.007112,214.391986,-72.555365,G5Ib/II,1.066
HD 68980,4.780,-126.950621,192.728371,-167.055901,B2ne,-0.110
HD 69142,4.420,-38.497885,58.137119,-59.234021,K1II/III,1.170
HD 69267,3.530,-51.522087,76.015371,14.849540,K4III,1.481
Gl 305,4.050,-2.515914,3.642744,-19.054133,F5III,0.413
GJ 1109,4.440,-13.053888,18.895299,-17.092944,A4m...,0.222
HD 71701,4.340,-5.942562,8.436434,-46.487637,K0III-IV,1.161
HD 70555,4.830,-149.654998,211.006362,-168.344180,K2/K3III,1.419
Avior,1.860,-54.837080,76.515238,-159.872623,K3III+B2V,1.196
HD 70930,4.790,-203.211129,283.507070,-394.128854,B1V,-0.146
HD 70272,4.250,-49.889521,69.406143,80.234157,K5III,1.550
HD 71155,3.910,-22.215080,30.115144,-2.555415,A0V,-0.012
NN 3499,3.770,-7.921708,10.731349,-30.152411,K2IIIvar,1.132
HD 71369,3.350,-16.375480,21.290022,47.898272,G4II-III,0.856
HD 73389,4.840,-22.613761,28.093587,-57.735593,K0III,0.981
HD 73634,4.110,-259.443213,315.728058,-380.926901,A6II,0.109
HD 73262,4.140,-31.060832,37.795209,4.886214,A1Vnn,0.003
HD 73471,4.450,-72.861703,87.795627,6.661268,K2III,1.216
HD 73898,4.860,-41.817563,49.965426,-36.955019,G5III,0.900
HD 73840,4.980,-74.725017,89.034455,-25.716635,K3III,1.415
HD 74006,3.970,-66.942302,79.706384,-73.721425,G5II/III,0.936
HD 73108,4.590,-21.882091,26.028746,70.744858,K2III,1.179
HD 74195,3.600,-58.718510,69.796529,-120.698168,B3IV,-0.168
HD 74375,4.310,-143.695030,170.315593,-382.271019,B1.5III,-0.117
HD 74180,3.770,-44268.895114,52465.832585,-72715.894970,F3Ia,0.670
HD 74272,4.740,-342.599425,403.912027,-574.310463,A5II,0.137
HD 74137,4.870,-40.492194,47.526772,-17.836846,K0IIICN...,1.063
HD 74560,4.830,-58.047162,67.710972,-118.845793,B3IV,-0.173
HD 74280,4.300,-117.329664,135.898249,10.662430,B3V...,-0.192
HD 74198,4.660,-33.797361,39.125009,20.332870,A1IV,0.010
HD 74575,3.680,-147.689477,170.508984,-147.537653,B1.5III,-0.180
HD 74395,4.630,-153.247381,176.799963,-29.697511,G2Ib,0.840
Gl 321.1,4.050,-33.930288,38.895322,-47.544435,G5III,0.874
HD 74442,3.940,-25.041776,28.633970,12.473108,K0III,1.083
Gl 321.3A,1.930,-9.394033,10.739813,-20.158771,A1V,0.043
HD 75063,3.870,-261.370054,295.353930,-409.001899,A1III,0.015
HD 74918,4.320,-48.487966,54.625007,-17.599924,G8III,0.900
HD 74739,4.030,-59.175263,66.476982,48.846771,G8Iab:,1.007
HD 75311,4.500,-67.604379,75.938075,-155.190471,B3Vne,-0.169
HD 74874,3.380,-26.198413,29.410867,4.431082,G0III-IV,0.685
HD 75137,4.350,-72.427474,80.133985,11.043767,A0Vn,-0.044
HD 75710,4.940,-161.453862,176.514292,-241.801472,A2III,0.043
HD 75691,4.020,-38.119847,41.407111,-29.561085,K3III,1.272
HD 76728,3.840,-33.242229,34.710992,-85.450746,B8III,-0.104
HD 76294,3.110,-35.316755,36.765697,5.309278,G8III-IV,0.978
HD 76483,4.870,-46.537543,48.390854,-35.220779,A3IV,0.142
HD 76805,4.680,-45.648890,47.138490,-86.210555,B5V,-0.115
HD 77002,4.930,-73.749993,75.723920,-177.525434,B2IV-V,-0.182
HD 76756,4.260,-39.690103,40.217629,11.863811,A5m,0.141
Gl 331A,3.120,-6.835882,6.883318,10.789878,A7IV,0.223
HD 77258,4.450,-34.310322,34.283342,-42.541431,Fp,0.646
Gl 332A,3.960,-8.496677,8.449391,10.707365,F5V,0.463
Gl 333.3,4.000,-10.959043,10.727523,-35.095233,Am,0.145
HD 76827,4.740,-26.238304,25.661975,89.174849,M3III,1.542
HD 77327,3.570,-53.667801,51.996165,80.572997,A1Vn,0.007
HD 78004,3.750,-44.996400,43.393870,-67.265198,K2III,1.174
HD 78791,4.470,-26.549942,25.383448,-117.230442,F6II-III,0.607
HD 78764,4.660,-71.606714,68.166580,-279.782221,B2IVe,-0.149
HD 77996,4.990,-198.469921,188.385732,24.384833,K2II-III,1.189
HD 77912,4.560,-142.682841,134.775878,155.855184,G8Ib-II,1.037
HD 78647,2.230,-88.662596,82.682121,-114.774841,K4Ib-II,1.665
HD 78541,4.620,-113.101873,105.424918,-74.939800,K4/K5III,1.594
NN 3534,4.460,-13.136539,12.157018,22.586243,Am,0.288
Gl 335A,4.800,-5.847532,5.339885,18.777611,F7IV-V,0.489
HD 78362,4.670,-12.781485,11.618266,34.664578,Am,0.381
HD 79351,3.430,-52.268405,47.490561,-117.379570,B2IV,-0.190
HD 79186,4.990,-52477.103581,47636.215793,-70547.463495,B5Ia,0.222
HD 79447,3.960,-57.282911,51.905154,-147.343168,B3IV,-0.180
Miaplacidus,1.670,-8.980712,8.001552,-32.546536,A2IV,0.070
HD 79469,3.890,-26.074955,22.995381,1.405035,B9.5V,-0.060
HD 79917,4.920,-40.578389,35.395103,-42.938669,K1III,1.084
Gl 339.3,4.630,-30.231324,26.337334,-30.669320,F3/F5V,0.473
NN 3541,4.800,-15.902851,13.801155,29.004929,A5V,0.199
HD 80230,4.340,-60.681610,52.656261,-126.314357,M1III,1.602
Tureis,2.210,-90.887872,78.251756,-201.791538,A8Ib,0.189
HD 80081,3.820,-23.374361,19.815176,22.926164,A1V,0.066
HD 80499,4.770,-77.350337,65.035285,-21.434127,G8III,0.927
HD 80586,4.800,-51.620293,43.129268,-11.323789,F5V+...,0.913
HD 81101,4.790,-25.507141,21.224070,-63.484685,G6III,0.926
HD 80493,3.140,-39.512346,32.846027,35.172040,M0IIIvar,1.550
HD 80874,4.710,-106.697986,88.352050,-67.462157,M0III,1.633
HD 81188,2.470,-77.657770,63.951481,-143.729782,B2IV,-0.141
HD 81169,4.710,-39.981104,32.606579,-28.402371,G8III,0.892
HD 81146,4.470,-43.149317,34.738124,27.236473,K2III,1.222
HD 81799,4.720,-34.907582,27.443238,-18.250853,K1III,1.154
Alphard,1.990,-43.003468,33.722848,-8.322089,K3III,1.440
Gl 348A,4.590,-13.696743,10.590983,-0.837388,F6V,0.411
HD 82150,4.510,-139.565679,107.824531,-127.908140,K3III,1.408
Gl 351A,3.600,-11.382585,8.679058,-12.210922,F2IV,0.371
HD 82668,3.160,-31.754679,24.098313,-61.464914,K5III,1.538
NN 3559,3.650,-8.603035,6.510645,21.231076,F0IV,0.360
HD 82308,4.320,-74.131964,56.004334,39.376137,K5IIIvar,1.541
HD 82395,4.990,-51.752664,39.017676,12.950700,K0IIIvar,1.046
HD 82446,4.540,-126.733075,95.515712,-3.281718,A3V,0.109
Gl 354A,3.170,-6.693935,5.005096,10.574720,F6IV,0.475
HD 82635,4.540,-36.727405,27.121579,33.657600,G8III,0.914
HD 83183,4.080,-167.414546,123.378853,-349.278931,B5II,-0.013
Gl 355.1,4.540,-8.863300,6.529755,29.970273,G4III-IV,0.781
HD 82621,4.470,-39.843065,29.261248,63.389555,A2V,0.027
HD 82741,4.810,-41.037596,30.072439,42.121002,K0III,0.992
HD 83446,4.340,-17.076537,12.313080,-24.523729,A5V,0.173
HD 81817,4.280,-37.324320,26.847884,301.391198,K3III,1.488
HD 83425,4.680,-73.603912,52.281093,7.342101,K3III,1.310
HD 83944,4.510,-27.144864,19.122006,-60.718624,B9V,-0.070
HD 83618,3.900,-66.071937,46.325951,-1.609728,K3IIIvar,1.313
HD 83808,3.520,-32.353394,22.412883,6.863686,A5V+...,0.516
HD 83953,4.760,-117.022040,80.966874,-62.145015,B5V,-0.117
Gl 364,4.930,-11.318572,7.761580,-6.086167,G0V,0.534
Gl 366.1A,4.780,-76.378087,51.419982,-48.482449,A7V+...,0.516
HD 84810,3.690,-183.781936,122.513039,-424.437591,G5Iab/Ib,1.010
Ras Elased Australis,2.970,-57.700126,38.244772,30.494289,G0II,0.808
HD 85123,2.920,-155.321542,101.734428,-399.488275,A9,0.273
HD 84999,3.780,-15.505407,9.784196,30.560252,F0IV,0.291
HD 85444,4.110,-66.227032,41.593190,-20.730703,G6/G8III,0.918
HD 85622,4.580,-188.586906,118.211160,-234.934131,G5Ib,1.172
HD 85235,4.550,-77.666573,48.481560,126.314461,A3IV,0.038
HD 85503,3.880,-29.062466,18.025880,16.685015,K0III,1.222
HD 85859,4.870,-80.420618,49.182770,-45.839772,K2III,1.199
HD 85951,4.940,-152.168245,92.455966,-61.341498,K5III,1.559
HD 86440,3.520,-242.953038,144.739494,-397.464518,B5Ib,-0.067
HD 86663,4.680,-106.845097,61.554441,17.426851,M2III,1.589
HD 87504,4.600,-82.143224,45.007279,-21.735618,B8V,-0.087
HD 87737,3.480,-328.449984,175.868859,112.220999,A0Ib,-0.031
Gl 378.3,4.490,-20.337129,10.878482,16.296700,A7V,0.190
HD 87837,4.390,-78.745563,41.911852,15.725184,K4III,1.448
HD 87887,4.480,-76.698775,40.808080,-0.563531,A0III,-0.032
Regulus,1.360,-21.018857,11.132218,5.041397,B7V,-0.087
HD 88206,4.850,-223.293293,117.558256,-320.807643,B3IV,-0.120
HD 88284,3.610,-29.938956,15.487743,-7.382812,K0III,1.007
HD 89080,3.290,-32.007790,16.004390,-98.524026,B8III,-0.074
HD 88955,3.850,-20.660362,10.218175,-20.842511,A2V,0.051
HD 89025,3.430,-69.409312,33.594777,33.397009,F0III,0.307
HD 89388,3.390,-87.130340,41.987831,-176.898605,K3II,1.541
HD 89021,3.450,-27.815454,13.402145,28.706022,A2IV,0.029
HD 89682,4.590,-294.912958,138.127708,-465.594001,K3II,1.600
Gl 388.1,4.780,-18.248265,8.534898,7.122411,F6IV,0.452
Algieba,2.010,-34.002797,15.860719,13.538740,K0III,1.128
HD 89890,4.500,-178.581258,82.409049,-292.063178,B3III,-0.102
HD 89998,4.820,-42.523932,19.306177,-41.536251,K1IIIvar,1.095
HD 89758,3.060,-48.161684,21.865099,46.794651,M0III SB,1.603
HD 90264,4.970,-44.048610,19.849599,-113.279863,B8V,-0.128
Wo 9327,4.940,-39.331229,17.484507,94.738965,A0sp...,-0.052
Gl 391,3.990,-4.080371,1.808276,-15.597165,F2IV,0.369
HD 90277,4.720,-54.504577,23.723710,39.788315,F0V,0.260
HD 90432,3.830,-63.022703,27.373482,-20.792498,K4III,1.456
HD 90610,4.280,-88.352579,37.890013,-57.918293,K4III,1.429
HD 90772,4.650,-49216.266252,21041.305288,-84469.063012,A6Ia,0.474
HD 90853,3.810,-196.531535,83.545339,-351.776134,F2II,0.317
HD 90537,4.200,-34.818822,14.800637,28.207980,G8III-IV,0.908
HD 91375,4.720,-22.825726,9.415606,-75.959940,A2III,0.042
Gl 395,4.820,-6.613102,2.718087,10.592404,F8V,0.541
HD 91496,4.940,-84.555297,34.577704,-302.983592,K4/K5III,1.677
Gl 397.2,4.890,-11.954013,4.868385,-17.581178,F6V,0.500
HD 91465,3.300,-65.154868,26.316211,-130.423268,B4Vne,-0.089
HD 91316,3.840,-91628.219948,36643.480970,16171.724913,B1Ib SB,-0.148
HD 91312,4.720,-24.492411,9.742819,22.453613,A7IV,0.222
HD 91190,4.860,-17.440256,6.774144,73.470305,K0III,0.957
HD 92305,4.110,-23.590237,9.118277,-125.518147,M0III,1.580
HD 91942,4.450,-180.676542,69.727876,-304.668464,K3/K4II,1.604
HD 92036,4.870,-124.132537,46.887988,-68.818523,M1III,1.626
HD 92139,3.840,-16.728402,6.312600,-20.015507,A3m+...,0.300
HD 92055,4.890,-189.701165,71.346928,-48.226078,C,2.800
HD 92214,4.910,-57.920169,21.487818,-18.741882,G8III,0.922
HD 92125,4.680,-141.042262,52.228946,93.894934,G0II,0.823
HD 92397,4.690,-345.640030,127.941972,-617.847533,K4/K5III:,1.562
HD 92449,4.290,-136.666108,50.211211,-212.666606,G2II,1.025
HD 92938,4.760,-56.531903,19.953693,-125.498543,B3V,-0.139
HD 93030,2.740,-56.980945,19.910719,-125.948607,B0Vp,-0.220
HD 93070,4.580,-162.347956,56.267084,-304.520188,K3Ib,1.700
HD 93194,4.800,-62.615070,21.524887,-135.520000,B5Vn,-0.134
HD 93845,4.450,-16.754133,5.623468,-106.064858,B2.5IV,-0.188
HD 93497,2.690,-22.183186,7.339648,-27.280949,G5III SB,0.901
HD 93607,4.870,-60.458367,19.978993,-132.799515,B3IV,-0.149
HD 93813,3.110,-40.343946,12.793047,-12.291085,K0/K1III,1.232
HD 94264,3.790,-23.041794,6.900625,16.355475,K0III-IV,1.040
Gl 404.1,3.780,-14.436596,4.310989,-24.929960,K0III-IV...,0.945
HD 94334,4.660,-52.797900,15.644705,51.693196,A1Vs,-0.039
HD 94601,4.300,-76.740685,22.145239,36.821043,A1,0.016
HD 94890,4.600,-44.696342,12.665166,-35.182633,K0III,1.006
HD 95272,4.080,-44.746057,12.036889,-15.323330,K1III,1.079
HD 95370,4.370,-43.044414,11.502641,-40.436502,A3IV,0.116
HD 95345,4.840,-106.589011,28.281073,6.971851,K1III,1.144
HD 95382,4.980,-44.565858,11.785895,4.927631,A5III,0.166
HD 95578,4.730,-173.306253,44.958910,-7.768920,K5III,1.593
Merak,2.340,-13.103033,3.398358,20.360601,A1V,0.033
HD 95608,4.420,-35.330409,9.082879,13.407184,A1m,0.053
Lalande 21185,7.490,-1.998000,0.504305,1.495504,M2V,1.502
Dubhe,1.810,-17.298705,4.334880,33.191332,F7V comp,1.061
HD 96097,4.620,-27.933018,6.832954,3.702177,F2III-IVvar,0.332
NN 3642A,4.920,-37.332873,9.078033,-19.825005,F3IV/V,0.369
Gl 412.1,4.620,-54.992171,13.065371,-108.229327,G8III,0.988
HD 96918,3.930,-50249.825140,11464.949662,-85694.282278,G0Ia0,1.225
HD 96833,3.000,-30.843315,6.885330,31.054046,K1III,1.144
Gl 416.1,4.460,-93.979241,20.122462,-40.451687,A1V,0.025
HD 97534,4.590,-48463.829439,10168.720642,-86878.388235,A6Ia,0.541
Zosma,2.560,-16.442201,3.337108,6.280742,A4V,0.128
HD 97633,3.330,-47.814213,9.675761,13.464276,A2V,-0.003
HD 97778,4.560,-265.393270,52.544691,115.372069,M3III,1.657
HD 98058,4.450,-55.346129,10.592461,-3.596235,A7IVn,0.210
HD 98262,3.490,-100.864256,18.476143,66.832099,K3III SB,1.400
HD 98353,4.760,-45.502825,8.201254,36.365276,A2V,0.113
HD 98430,3.560,-54.199405,9.717642,-14.526390,K0III,1.112
HD 98718,3.900,-62.768014,10.783606,-89.257117,B5Vn,-0.157
HD 98664,4.050,-66.140622,11.324464,7.087542,B9.5Vs,-0.058
HD 98839,4.990,-117.003029,19.146141,112.440475,G8II,0.998
HD 99028,4.000,-22.987695,3.648687,4.326252,F2IV SB,0.423
HD 99167,4.810,-111.927049,17.422325,-21.729917,K5III,1.556
HD 99211,4.060,-23.765377,3.670362,-7.667025,A9V,0.216
HD 99648,4.950,-170.517134,24.012169,8.591477,G8II-III,1.000
HD 99998,4.770,-183.381869,23.886401,-9.703152,K4III,1.529
HD 100029,3.820,-35.773586,4.486959,95.570558,M0IIIvar,1.613
HD 100286,4.930,-22.772217,2.768505,-12.852752,F8V,0.540
HD 100407,3.540,-33.524411,3.967590,-20.978114,G8III,0.947
HD 100673,4.620,-75.883966,8.390759,-106.106941,B9V,-0.077
HD 100841,3.110,-58.063196,6.158685,-114.692848,B9II:,-0.044
HD 100889,4.700,-84.291063,8.605864,-14.638702,B9.5Vn,-0.073
HD 100920,4.300,-55.361348,5.587078,-0.800036,G9III,0.983
HD 101431,4.700,-112.605217,9.746158,-78.393462,B9V,-0.070
HD 101570,4.930,-127.100039,10.620449,-240.786185,G3Ib,1.111
HD 102070,4.710,-102.494591,6.824337,-34.072715,G8III,0.958
HD 102124,4.840,-36.946879,2.375650,5.373462,A4V,0.174
HD 102249,3.630,-15.372609,0.966692,-35.814787,A7III,0.160
HD 102212,4.040,-89.335882,5.519063,10.244433,M0III,1.501
HD 102224,3.690,-37.766969,2.301619,41.698309,K0III,1.181
HD 102350,4.110,-57.496946,3.387322,-104.674396,G0II,0.895
Gl 442A,4.890,-6.999490,0.412234,-5.988563,G3/G5V,0.664
HD 102509,4.500,-66.839525,3.507123,24.651099,A comp SB,0.547
HD 102584,4.750,-51.803121,2.659983,-121.112002,K4III,1.522
Denebola,2.140,-10.633926,0.508011,2.767546,A3Vvar,0.090
HD 102776,4.300,-80.518191,3.626595,-163.717351,B3V,-0.149
HD 102839,4.980,-98.252600,4.314042,-273.556324,G5Ib,1.360
Gl 449,3.590,-10.914853,0.443379,0.336562,F8V,0.518
HD 102964,4.470,-93.550664,3.616395,-94.189158,K4III,1.283
HD 103079,4.890,-46.566024,1.655874,-100.869132,B4V,-0.123
HD 103192,4.290,-78.778366,2.438319,-52.978439,Ap Si,-0.100
Groombridge 1830,6.420,-7.187679,0.220247,5.561623,G8Vp,0.754
Phad,2.410,-15.094867,0.406425,20.552678,A0V SB,0.044
HD 104174,4.880,-22.630021,0.036908,-108.530587,B9Vn,-0.054
HD 104321,4.650,-117.000681,-0.445765,13.567178,A5V,0.122
HD 104671,4.320,-32.354329,-0.427074,-64.371212,Am,0.280
HD 104841,4.720,-118.149652,-2.227465,-233.590654,B2IV,-0.081
NN 3703,4.120,-49.456789,-1.124272,7.599057,G8III,0.967
Gl 455.2,4.140,-8.465553,-0.254271,-17.847491,F2III,0.353
HD 105382,4.460,-85.149167,-3.005868,-103.953339,B2IIIne,-0.163
HD 105435,2.580,-80.490795,-2.936809,-98.484590,B2IVne,-0.128
Gl 455.3,4.020,-13.557668,-0.497944,-6.248321,F0IV/V,0.334
HD 105707,3.020,-89.880850,-3.973272,-37.486747,K2III,1.326
HD 105937,3.970,-70.823795,-3.603843,-91.980772,B3V,-0.156
HD 106490,2.790,-54.778605,-3.625250,-90.466000,B2IV,-0.193
Megrez,3.320,-13.402309,-0.903455,20.710384,A3Vvar,0.077
Gienah Ghurab,2.580,-44.805937,-3.095058,-14.197066,B8III,-0.107
HD 106714,4.930,-69.694731,-4.978144,31.029412,K0III,0.957
HD 106760,4.990,-81.077617,-5.848085,52.913399,K1III,1.140
HD 106849,4.060,-34.578526,-2.656314,-85.667942,M5III,1.603
HD 106911,4.240,-16.913371,-1.356886,-89.904352,B5Vn,-0.123
HD 106983,4.060,-47.906339,-3.862337,-98.554663,B2.5V,-0.168
HD 107259,3.890,-81.054806,-7.057860,-0.946921,A2IV,0.026
HD 107328,4.970,-93.899870,-8.359560,5.456403,K1III,1.172
HD 107383,4.720,-84.291909,-7.640422,27.162500,G8III,1.010
HD 107446,3.590,-34.656852,-3.239447,-61.275879,K3/K4III,1.389
HD 107700,4.780,-80.906230,-7.970422,39.381767,F8:p...,0.515
HD 107950,4.760,-73.252449,-7.707192,92.806080,G7III,0.877
HD 108283,4.920,-74.702206,-8.643693,38.761154,F0p,0.277
HD 108257,4.820,-85.029970,-9.886927,-107.427413,B3Vn,-0.141
Acrux,0.770,-44.363755,-5.171957,-88.034513,B0.5IV,-0.243
HD 108381,4.350,-44.854517,-5.296552,24.287368,K2IIICN+...,1.128
HD 108382,4.980,-75.485835,-8.930421,38.439359,A4V,0.088
HD 108483,3.910,-80.166328,-9.857284,-97.048731,B3V,-0.192
3C 273,12.880,-99130.706060,-12660.058622,3581.344963,,0.120
Algorab,2.940,-25.316094,-3.317674,-7.570570,B9.5V,-0.012
Gacrux,1.590,-14.606901,-1.998688,-22.800748,M4III,1.600
Gl 471.2,4.300,-17.384353,-2.448661,-5.099150,F2V,0.388
HD 109026,3.840,-30.252522,-4.314584,-94.797960,B5V,-0.157
HD 109387,3.850,-51.400013,-7.563147,141.115978,B6IIIp,-0.116
Gl 475,4.240,-6.266213,-0.929293,5.576481,G0V,0.588
Kraz,2.650,-40.529889,-6.127261,-17.735390,G5II,0.893
HD 109551,4.950,-62.314914,-9.517033,173.398985,K2III,1.312
HD 109485,4.800,-86.726287,-13.290876,36.574715,A0IV,0.012
HD 109668,2.690,-33.992375,-5.563974,-90.370102,B2IV-V,-0.176
HD 109787,3.850,-26.283342,-4.363283,-30.158275,A2V,0.049
HD 110014,4.660,-87.830127,-15.189098,-12.519906,K2III,1.240
HD 110073,4.630,-84.409362,-14.836369,-71.881260,B8II/III,-0.082
HD 110304,2.200,-25.771821,-4.720403,-30.097707,A1IV,-0.023
Porrima,2.740,-11.488622,-2.111702,-0.295552,F0V+...,0.368
HD 110411,4.880,-35.099650,-6.487005,6.445292,A0V,0.076
HD 110335,4.910,-145.546170,-26.937819,-253.158623,B6IV,-0.044
HD 110458,4.660,-37.824555,-7.111282,-43.983916,K0III,1.075
HD 110829,4.690,-17.501322,-3.531603,-32.184876,K1III,1.049
HD 110879,3.040,-38.249334,-7.830610,-97.161472,B2V,-0.178
HD 110956,4.620,-63.777619,-13.085451,-98.322988,B3V,-0.150
Becrux,1.250,-42.168771,-8.909619,-73.723149,B0.5III,-0.238
HD 111597,4.900,-99.245673,-22.314159,-68.611416,B9V,-0.031
HD 111812,4.930,-77.024837,-17.675955,41.210244,G0III,0.681
HD 111915,4.330,-57.693580,-13.615620,-68.055950,K3/K4III,1.344
HD 112033,4.890,-78.728443,-18.645343,31.454488,G8III,0.904
Gl 488.1,4.250,-33.866046,-8.042527,-29.392978,A4IV,0.224
Alioth,1.760,-13.775959,-3.309169,20.972944,A0p,-0.022
HD 112142,4.770,-160.028453,-38.680014,-27.665937,M3IIIvar,1.590
HD 112092,4.030,-66.928408,-16.251590,-106.780004,B2IV-V,-0.180
HD 112078,4.620,-58.626976,-14.251893,-100.998151,B4Vn,-0.153
HD 112300,3.390,-58.941910,-14.587593,3.604756,M3III,1.571
Cor Caroli,2.890,-26.795114,-6.684223,21.824384,A0spe...,-0.115
HD 112769,4.760,-91.732311,-24.118592,29.741363,M0III,1.568
HD 112989,4.880,-167.925753,-45.211219,103.606856,K1IIIp,1.165
HD 113139,4.930,-13.601724,-3.690939,21.185580,F2V,0.368
Vindemiatrix,2.850,-31.782664,-8.840495,6.388060,G8IIIvar,0.934
HD 112985,3.610,-8.497455,-2.367379,-26.438289,K2III,1.190
HD 113314,4.830,-42.210157,-12.014940,-51.434446,A0V,0.029
HD 113703,4.710,-76.024410,-22.619947,-89.537224,B5V,-0.148
HD 113791,4.270,-88.364964,-26.557271,-109.597766,B1.5V,-0.182
HD 113996,4.800,-86.200274,-26.016708,47.121741,K5III,1.482
HD 114149,4.940,-62.332323,-19.370955,-27.865588,K0III,1.048
HD 114330,4.380,-91.900170,-28.953908,-9.343987,A1V,-0.008
Gl 501A,4.320,-16.211012,-5.110375,5.368871,F5V,0.455
Gl 502,4.230,-7.676072,-2.489414,4.268726,G0V,0.572
Gl 501.2,4.850,-15.531004,-5.050305,-12.669384,G3V,0.693
HD 114529,4.580,-55.339290,-18.059147,-100.503154,B8V,-0.073
HD 115004,4.940,-102.130763,-34.031654,90.820940,K0III,1.061
Gl 503A,4.900,-8.858292,-2.974795,-15.615439,F7IV,0.489
HD 114911,4.790,-41.808581,-14.242780,-108.743263,B8V,-0.078
HD 115211,4.860,-136.279795,-47.735769,-336.637835,K2Ib/II,1.480
HD 115604,4.720,-58.064795,-20.431424,52.707610,F3III,0.306
HD 115521,4.780,-194.393291,-68.461175,19.735435,M2III,1.638
Gl 506,4.740,-7.651172,-2.724657,-2.687800,G5V,0.709
HD 115659,2.990,-35.509172,-12.735386,-16.146279,G8III,0.920
Gl 508.1,2.750,-13.562569,-4.976416,-10.773082,A2V,0.068
HD 116087,4.520,-49.326495,-18.597689,-95.056771,B3V,-0.141
Mizar,2.230,-14.115808,-5.413302,21.531272,A2V,0.057
HD 116243,4.520,-32.034113,-12.298035,-72.055449,G5III-IV,0.822
Spica,0.980,-69.990853,-27.285826,-14.821760,B1V,-0.235
Alcor,3.990,-13.393436,-5.223608,20.521915,A5V SB,0.169
Gl 511.2,4.760,-76.652995,-30.757106,-23.642083,K1IIICN...,1.096
Gl 512.1,4.970,-16.183798,-6.574040,4.283711,G5V,0.714
HD 117440,3.900,-197.912019,-83.036359,-176.341407,G8II/III,1.186
HD 117675,4.680,-112.142683,-47.581390,-13.353910,M3III,1.606
HD 118022,4.920,-51.839033,-22.575812,3.615721,A1p SrCrEu,0.029
HD 118232,4.680,-33.218997,-14.522401,41.729729,A5V,0.132
NN 3792,3.380,-20.799365,-9.118725,-0.236175,A3V,0.114
HD 118216,4.910,-33.311780,-14.622295,27.596139,F2IV SB,0.404
HD 118623,4.820,-44.713470,-20.250115,36.049969,A7III,0.239
HD 118716,2.290,-70.726493,-32.938100,-105.309044,B1III,-0.171
HD 119228,4.630,-83.974953,-39.487818,130.971319,M2IIIvar,1.630
HD 118991,4.990,-43.564759,-20.720131,-67.780239,B8Vn+...,-0.055
Gl 525.1,4.230,-14.565089,-7.237099,-10.579613,F3V,0.390
HD 119834,4.640,-44.857648,-22.525817,-62.953029,G8/K0III,0.955
Gl 527A,4.500,-13.296143,-6.720908,4.685085,F7V,0.508
Alkaid,1.850,-18.529548,-9.394541,24.164506,B3V SB,-0.099
HD 120323,4.190,-41.097871,-21.267942,-31.745313,M5III,1.520
HD 120477,4.050,-69.023958,-35.731771,21.990689,K5IIIvar,1.520
HD 120307,3.410,-88.774682,-45.969560,-89.032200,B2IV,-0.225
HD 120324,3.470,-101.522043,-52.633292,-104.690333,B2IV-Ve,-0.170
HD 120539,4.920,-101.741463,-52.801922,44.608525,K4III,1.432
HD 120452,4.960,-63.160729,-32.834359,-23.313996,K0III,1.059
HD 121130,4.580,-42.996051,-22.724978,102.990335,M3III,1.572
HD 120933,4.760,-134.161606,-71.178319,104.162586,K5III,1.611
HD 120709,4.320,-78.066399,-41.432939,-57.381780,B5,-0.146
HD 120955,4.750,-145.949303,-78.592981,-103.290534,B4IV,-0.111
Mufrid,2.680,-9.487671,-5.188142,3.596709,G0IV,0.580
HD 121263,2.550,-69.545858,-38.367530,-86.039492,B2.5IV,-0.176
HD 121474,4.710,-24.816640,-13.990315,-57.608415,K4III,1.075
HD 121743,3.830,-103.919940,-58.957456,-107.960807,B2IV,-0.224
HD 121790,3.870,-80.799834,-46.030955,-92.356336,B2IV-V,-0.208
HD 122408,4.230,-59.454971,-34.898261,1.858889,A3V,0.121
HD 122223,4.340,-234.723500,-137.883491,-278.021210,F6II,0.598
Hadar,0.610,-50.954051,-30.562870,-104.478695,B1III,-0.231
Thuban,3.670,-34.416017,-20.758849,83.796391,A0III SB,-0.049
HD 122980,4.360,-100.416272,-61.562968,-103.039485,B2V,-0.198
Gl 538.1,3.250,-23.563202,-14.492156,-13.902421,K2III,1.091
Menkent,2.060,-12.358808,-7.624204,-10.694288,K0IIIb,1.011
HD 124547,4.800,-25.551841,-16.098449,136.761257,K3III,1.368
HD 123569,4.740,-28.104578,-17.889697,-44.922838,G8III,0.938
Wo 9470,4.820,-28.553661,-18.260634,15.870824,F9IVw,0.541
HD 123934,4.930,-114.065691,-73.257993,-39.647028,M1III,1.684
HD 124224,4.990,-66.294802,-43.160756,3.328595,B9p Si,-0.118
HD 124294,4.180,-64.306477,-42.119366,-13.933635,K3III,1.323
HD 124675,4.530,-25.879926,-17.045792,39.366041,A8IV,0.233
Arcturus,-0.050,-8.823448,-5.932531,3.698938,K2IIIp,1.239
Wo 9473,4.070,-18.333625,-12.367873,-2.324624,F7V,0.511
Wo 9474A,4.750,-15.038822,-10.159621,22.708137,A9V,0.236
NN 3837,4.180,-17.435524,-11.802923,21.870286,A0sh,0.087
HD 125351,4.800,-48.021385,-33.003256,41.577411,K1III,1.057
HD 123998,4.890,-5.449691,-3.753584,-41.816579,A2m...,0.243
HD 125337,4.520,-45.689342,-31.728277,-13.222219,A1V,0.128
HD 125238,3.550,-59.012186,-41.092372,-74.616044,B2.5IV,-0.184
HD 125560,4.840,-45.113965,-31.517003,16.099914,K3III,1.228
HD 125288,4.300,-170.308593,-119.612433,-313.079238,B6Ib,0.082
HD 125473,4.050,-51.222720,-36.052443,-48.736704,A0IV,-0.030
HD 125442,4.780,-25.090555,-17.684637,-30.897712,F0IV,0.310
HD 125628,4.760,-49.947049,-35.830428,-100.149001,G8/K1 + F/G,0.795
HD 125823,4.410,-87.805198,-63.232405,-89.233929,B2V,-0.185
HD 125932,4.780,-34.652085,-24.968032,-22.474799,K3III,1.300
HD 126128,4.860,-52.855263,-38.182948,9.682766,A0V,0.010
Gl 549A,4.040,-7.233871,-5.313642,11.426925,F7V,0.497
HD 126341,4.560,-189.284544,-140.238457,-237.402618,B2IV,-0.147
HD 126354,4.330,-55.216146,-40.925029,-69.645036,A7:+...,0.434
HD 124882,4.310,-8.102137,-6.045780,-91.099860,K2III,1.300
HD 127700,4.250,-21.740786,-16.312428,106.600575,K4III,1.431
HD 126769,4.970,-83.806756,-63.252607,-59.384470,B7/B8V,-0.074
Gl 550.2A,4.810,-28.915866,-21.829712,-1.409548,G2III,0.693
Proxima Centauri,11.010,-0.472264,-0.361451,-1.151219,M5Ve,1.807
HD 127665,3.570,-33.395248,-26.051319,24.820934,K3III,1.298
HD 127762,3.040,-16.449442,-12.860715,16.495060,A7IIIvar,0.191
HD 127381,4.440,-88.295016,-69.367614,-136.005022,B2III,-0.177
Gl 557,4.470,-10.732826,-8.589414,7.855332,F3Vwvar,0.364
HD 127972,2.330,-54.086167,-43.605833,-62.903000,B1Vn + A,-0.157
HD 128345,4.050,-48.652444,-40.065743,-73.601256,B5V,-0.152
Gl 559B,1.350,-0.495181,-0.413973,-1.156674,K1V,0.900
Rigil Kentaurus,-0.010,-0.495203,-0.414084,-1.156625,G2V,0.710
HD 129174,4.490,-68.683281,-58.003926,26.489990,B9p MnHg,-0.002
HD 129246,3.780,-39.925583,-33.844144,12.786515,A3IVn,0.044
HD 129312,4.860,-124.167279,-105.717469,23.388495,G8IIIvar,0.992
HD 129056,2.300,-73.354913,-62.611867,-104.837277,B1.5III,-0.154
HD 129116,4.010,-62.472079,-53.337270,-63.702434,B2.5V,-0.157
Gl 560A,3.180,-5.319852,-4.563974,-15.014538,F1Vp,0.256
Wo 9491,3.870,-13.771311,-11.872446,-1.801463,F2III,0.385
HD 129712,4.800,-146.161613,-126.411397,96.464975,M3III,1.672
HD 129456,4.060,-39.672777,-34.383013,-36.997668,K3III,1.356
HD 129685,4.920,-40.371520,-35.400729,-37.865647,A0V,0.013
Izar,2.350,-41.582771,-36.462926,28.269741,A0,0.966
Wo 9493,4.600,-53.536518,-47.049953,21.741799,K0III,0.972
HD 130109,3.730,-30.838211,-27.343068,1.362104,A0V,-0.005
HD 129078,3.830,-19.356924,-17.407930,-134.489842,K5III,1.433
HD 130694,4.420,-66.036951,-60.664821,-47.600014,K3III,1.366
Kochab,2.070,-8.058164,-7.429707,38.619407,K4IIIvar,1.465
Zubenelgenubi,2.750,-16.408581,-15.151818,-6.421874,A3IV,0.147
HD 130952,4.930,-49.174688,-45.463719,-2.688834,G8...,0.988
Gl 566A,4.540,-4.650321,-4.313397,2.196442,G8V + K4V,0.720
HD 130807,4.320,-65.752375,-61.121404,-85.416131,B5IV,-0.154
Wo 9503,4.470,-19.200694,-18.734445,-2.038952,F0V,0.318
HD 132813,4.630,-41.041157,-40.184665,128.600839,M5III,1.590
HD 132058,2.680,-60.951955,-60.176134,-80.247234,B2III,-0.184
HD 132200,3.130,-61.872830,-61.421692,-78.787457,B2IV,-0.208
HD 132742,4.910,-62.675871,-63.210037,-13.333557,B9.5V,0.000
HD 133208,3.490,-36.876434,-37.508062,44.750903,G8III,0.956
HD 133124,4.800,-72.311167,-73.654077,48.148906,K4III,1.506
HD 133165,4.390,-41.799530,-42.871209,2.186454,K0III,1.026
Gl 575A,4.830,-5.858189,-6.055134,9.244209,G2V + G2V,0.647
HD 133216,3.250,-55.519190,-57.527085,-37.760649,M3/M4III,1.674
HD 133582,4.520,-46.605060,-48.449153,34.176087,K2III,1.240
HD 133242,3.910,-63.981638,-66.905071,-99.451605,B5,-0.144
Gl 578,4.930,-12.138752,-12.937889,8.223444,F5V,0.429
HD 133955,4.070,-113.806447,-122.946676,-169.179119,B3V,-0.162
HD 134481,3.880,-24.361730,-27.040918,-41.484457,B9V,-0.029
HD 134759,4.540,-73.216302,-81.473155,-39.418088,Asp...,-0.071
Wo 9512A,3.410,-14.765283,-16.439560,-28.383941,G8III,0.918
HD 134687,4.830,-73.468343,-82.188968,-108.333069,B3IV,-0.177
HD 135153,4.910,-337.201135,-383.227256,-313.043658,F3III,0.374
HD 135722,3.460,-20.523200,-23.506036,20.509246,G8III,0.961
Zubeneschemali,2.610,-36.549398,-42.420251,-9.252607,B8V,-0.071
Gl 580.1,4.070,-10.304156,-12.012956,-26.134351,A3V,0.088
HD 135291,4.850,-36.147448,-42.191897,-111.974081,K2.5III,1.260
HD 135758,4.350,-56.151802,-65.647023,-50.174358,K1II/III,1.100
HD 135734,4.270,-44.694142,-52.577545,-76.305318,B8V,-0.086
HD 135382,2.870,-13.248562,-15.637336,-52.511910,A1V,0.014
HD 137422,3.000,-29.797327,-35.741213,141.814461,A3II-III,0.058
HD 136298,3.220,-131.223518,-158.301112,-176.532145,B1.5IV,-0.227
HD 136422,3.570,-43.289327,-52.423754,-49.870803,K5III,1.534
NN 3901,4.990,-15.270778,-18.547654,-26.615201,F8V,0.515
HD 136504,3.370,-70.733584,-86.328198,-110.402888,B2IV-V,-0.191
HD 136664,4.540,-80.544360,-98.718294,-95.516062,B4V,-0.155
Gl 584A,4.990,-9.748862,-11.953838,9.009316,G2V,0.577
HD 136415,4.480,-44.315595,-54.422257,-118.299395,B5III + F8,0.169
HD 137052,4.920,-19.315192,-23.894489,-5.596007,F5IV,0.453
NN 3903A,4.310,-17.300377,-21.457918,21.056469,F0V,0.309
HD 137759,3.290,-10.015969,-12.471787,26.585776,K2III,1.166
HD 137058,4.600,-58.647980,-73.294368,-75.294841,A0V,0.000
HD 137909,3.660,-18.458330,-23.589253,16.675351,F0p,0.319
HD 138629,4.980,-54.221334,-71.812586,77.944174,A5V,0.086
HD 138749,4.140,-58.818354,-78.716957,59.884890,B6Vnn,-0.127
HD 138716,4.610,-16.923971,-22.908696,-5.055242,K1IV,1.000
Alphekka,2.220,-12.176093,-16.558746,10.343974,A0V,0.032
HD 138917,3.800,-40.700384,-55.408101,12.790326,F0IV,0.268
HD 138690,2.800,-57.388809,-78.369378,-84.935884,B2IV,-0.216
NN 3912,3.910,-28.510476,-39.071229,-12.769777,K0III,1.007
HD 138769,4.550,-54.620726,-75.101405,-92.728795,B3IVp,-0.175
HD 138538,4.110,-14.537768,-20.142359,-56.634489,K0III,1.161
HD 139063,3.600,-35.331726,-49.089777,-32.342270,K3III,1.361
HD 139127,4.340,-28.655317,-40.193087,-45.338837,K4.5III,1.412
HD 139365,3.660,-56.468031,-79.646617,-55.864673,B2.5V,-0.177
HD 139891,4.640,-67.060303,-95.220854,86.607536,B7V+...,-0.103
HD 139521,4.660,-31.911503,-45.475588,-38.056383,G8/K0III,0.964
HD 139663,4.970,-61.407298,-87.928448,-47.342710,K3III,1.302
Gl 594,4.640,-7.060857,-10.196187,-12.256524,F5IV-V,0.413
HD 140159,4.510,-31.169694,-45.162348,19.615863,A1V,0.062
HD 139997,4.750,-50.473595,-73.402915,-31.858778,K5III,1.574
HD 140008,4.750,-51.681830,-75.680182,-63.481486,B5V,-0.151
HD 140436,3.810,-22.633064,-33.161033,19.838868,A1Vs,0.020
HD 142105,4.290,-13.368655,-19.830791,110.565025,A3Vn,0.038
Unukalhai,2.630,-12.578600,-18.695648,2.537718,K2III,1.167
HD 141003,3.650,-25.268927,-38.245168,12.644945,A3V,0.073
Gl 598,4.420,-6.617010,-10.039373,1.551618,G0Vvar,0.604
HD 141477,4.090,-60.303137,-93.518027,36.459590,M1III,1.616
HD 141714,4.590,-25.233535,-39.454341,22.911467,G5III-IV,0.794
HD 141513,3.540,-27.963131,-43.733196,-3.111420,A0V,-0.036
NN 3921,3.710,-11.504554,-18.201236,1.686207,A2m,0.147
HD 141556,3.970,-26.597559,-42.137857,-33.141039,B9.5III-IV,-0.045
HD 141637,4.630,-72.942357,-115.583258,-65.928041,B1.5Vn,-0.072
HD 142091,4.790,-13.201328,-20.969886,17.777763,K0III-IV,0.996
HD 141992,4.740,-57.164285,-90.832595,41.150151,K5III,1.534
Gl 602,4.600,-6.184702,-9.962833,10.727031,F9V,0.563
HD 142114,4.590,-72.970700,-118.626076,-65.914612,B2.5Vn,-0.073
HD 142198,4.130,-25.878383,-42.157652,-14.868305,K0III,1.003
Gl 601A,2.830,-2.869157,-4.734869,-11.070637,F2III,0.315
Gl 603,3.850,-5.562550,-9.299226,3.038014,F6V,0.478
HD 142669,3.870,-64.636099,-108.519131,-70.633018,B2IV/V,-0.199
HD 143107,4.140,-30.827626,-52.120195,30.691703,K3III,1.231
HD 143466,4.960,-9.851524,-16.689694,27.422336,F0IV,0.269
HD 142983,4.950,-70.468723,-119.858644,-35.387341,B8Ia/Iab,-0.080
HD 143018,2.890,-81.301517,-139.203202,-79.023364,B1V + B2V,-0.180
HD 143009,4.990,-50.061036,-86.276885,-89.011740,G8III,0.988
HD 143118,3.420,-53.049208,-91.997111,-84.160334,B2.5IV,-0.206
Dschubba,2.290,-69.332609,-120.492107,-57.928452,B0.2IV,-0.117
HD 143807,4.980,-41.006057,-72.068531,47.585683,A0p...,-0.050
Gl 609.1,4.010,-5.406623,-9.545392,17.947647,F8IV-V,0.528
HD 143894,4.820,-24.857149,-44.067053,21.272513,A3V,0.066
HD 144206,4.720,-38.693912,-68.950542,81.980038,B9III,-0.094
HD 143546,4.650,-21.436686,-38.362307,-50.964612,G8III,0.902
HD 143787,4.960,-27.911645,-50.015630,-27.769154,K3III,1.234
HD 143699,4.900,-46.648755,-83.642133,-76.460056,B6III/IV,-0.146
HD 143474,4.630,-10.219274,-18.348137,-33.318582,A7IV,0.252
Graffias,2.560,-55.881427,-102.320756,-41.986040,B0.5V,-0.065
HD 144218,4.900,-55.061520,-100.825111,-41.363651,B2V,-0.024
NN 3938,4.730,-12.567618,-23.265310,-26.603102,Am,0.230
HD 144294,4.220,-48.315728,-89.537659,-76.118957,B2.5Vn,-0.184
HD 144470,3.930,-64.096463,-119.048882,-51.007488,B1V,-0.046
HD 144608,4.310,-39.288097,-73.429979,-31.749432,G6/G8III,0.831
HD 145389,4.230,-20.653027,-39.159373,44.171451,B9MNp...,-0.045
HD 145328,4.730,-13.395982,-25.453931,21.277041,K0III-IV,1.015
HD 145502,4.000,-62.219516,-122.106847,-48.424462,B2IV,0.076
HD 145570,4.930,-21.326559,-41.855643,-8.337413,A3IV,0.087
HD 145482,4.580,-58.749059,-115.679869,-68.771937,B2V,-0.172
HD 145397,4.950,-34.049566,-67.905705,-107.012462,G4III,1.017
HD 146051,2.730,-23.290749,-46.890988,-3.380547,M1III,1.584
HD 145544,3.860,-36.369544,-74.106715,-166.922770,G5II,1.105
HD 146143,4.970,-125.594972,-260.430500,-345.408995,F9Ia,0.788
NN 3950A,4.950,-3.164210,-6.597182,28.821068,F5V,0.393
HD 146624,4.800,-15.561451,-32.734844,-19.773139,A0V:,0.008
NN 3949,3.230,-13.962311,-29.378579,-2.669978,G8III,0.966
HD 147394,3.910,-27.579279,-58.969611,68.155258,B5IV,-0.151
Wo 9554,4.010,-10.705758,-22.916885,-30.311157,G8III,1.080
HD 145366,4.680,-19.292589,-41.537057,-229.112108,M5III,1.680
HD 147084,4.550,-103.308338,-223.161079,-110.359700,A4II/III,0.758
HD 147165,2.900,-80.536239,-175.075401,-92.301792,B1III,0.299
HD 147547,3.740,-23.156213,-50.764845,19.379328,A9III,0.299
NN 3952,4.820,-11.298928,-24.814028,0.489742,F0V,0.338
HD 147677,4.860,-19.996134,-43.926804,28.876225,K0III,0.970
Gl 624.1A,2.730,-5.477258,-12.300885,24.814526,G8III,0.910
HD 147700,4.480,-23.347455,-52.502771,-20.956111,K0III,0.996
HD 148112,4.570,-29.840058,-68.151905,18.595479,B9p Cr,0.002
HD 147933,4.570,-40.680497,-93.097690,-44.064588,B2V,0.227
HD 148184,4.220,-60.281719,-140.349876,-50.979132,B2Vne,0.217
HD 147971,4.460,-43.237191,-100.860395,-119.987381,B4V,-0.070
HD 148367,4.620,-15.861867,-37.279145,-5.962071,A3m,0.185
HD 149212,4.940,-21.123039,-49.752839,139.122681,A0III,-0.051
Gl 624,4.900,-1.604938,-3.802618,-11.392224,F9V,0.555
HD 148783,4.830,-31.377501,-74.500728,72.485826,M6III:var,1.289
Antares,1.060,-58.542602,-140.307591,-75.574766,M1Ib + B2.5V,1.865
HD 148605,4.790,-43.820533,-106.064194,-53.794689,B3V,-0.116
Kornephoros,2.780,-15.155861,-36.689058,15.628430,G8III,0.947
HD 148857,3.820,-20.104527,-49.089266,1.837527,A2V,0.022
HD 148786,4.290,-27.057672,-66.252771,-21.351768,G8/K0III,0.924
HD 148703,4.240,-52.724123,-129.490726,-96.826889,B2III-IV,-0.168
HD 148898,4.450,-17.999307,-44.626441,-18.922208,Ap,0.130
HD 149161,4.840,-39.257539,-97.909002,21.438472,K4III,1.495
Gl 626.1,3.860,-3.402312,-8.577006,-47.018913,K0IV SB,0.923
HD 149038,4.860,-26319.328919,-66887.114646,-69522.707339,B0Ia,0.045
HD 149630,4.200,-26.078761,-66.292176,65.133106,B9Vvar,-0.013
HD 149438,2.820,-45.960032,-119.546841,-68.720500,B0V,-0.206
HD 149447,4.180,-30.608471,-80.128932,-60.632448,K5III,1.535
HD 149757,2.540,-39.017319,-103.200447,-20.582092,O9.5V,0.038
HD 150450,4.860,-28.980690,-78.289781,95.792318,M2.5III,1.562
HD 151101,4.840,-32.764340,-91.154503,203.894615,K1p,1.212
Gl 635A,2.810,-3.073152,-8.593139,5.615032,F9IV,0.650
Wo 9574,4.910,-40.404777,-113.427584,-38.525124,G8II/III,1.095
HD 150997,3.480,-8.555377,-24.463195,20.928253,G8III-IV,0.916
HD 149324,4.230,-3.425923,-9.821020,-46.985394,K0III,1.060
Wo 9578,4.840,-4.580191,-13.550466,21.843110,F2V,0.375
HD 153751,4.210,-4.098102,-12.242736,92.297935,G5IIIvar,0.897
Atria,1.910,-13.127447,-40.804561,-111.826781,K2IIb-IIIa,1.447
HD 152107,4.820,-11.666070,-36.574998,39.731338,A2p...,0.087
HD 151249,3.770,-14.233672,-44.996851,-78.673358,K5III,1.562
HD 151769,4.640,-9.468343,-29.953991,-5.983039,F7IV,0.478
HD 151680,2.290,-4.842163,-15.395680,-11.006616,K2IIIb,1.144
HD 151890,3.000,-35.432890,-115.662040,-94.671563,B1.5IV + B,-0.200
HD 151985,3.560,-33.318750,-109.554458,-89.520712,B2IV,-0.210
HD 152236,4.700,-165.254768,-557.850047,-530.561119,B1Iae,0.444
HD 152614,4.390,-21.016847,-70.960621,13.269872,B8V,-0.088
HD 152334,3.620,-8.440449,-28.763155,-27.334750,K4III,1.393
Gl 648,4.880,-1.767632,-6.167324,13.843316,F6Vvar,0.481
HD 153210,3.190,-7.432411,-26.650562,4.567947,K2IIIvar,1.160
Wo 9581,3.120,-22.059130,-80.386753,-123.538160,K5III,1.552
HD 152980,4.060,-17.282386,-64.033737,-88.530893,K4III,1.452
HD 153808,3.920,-10.502570,-39.395153,24.426522,A0V,-0.018
HD 153687,4.820,-31.510319,-119.812027,-9.146869,K4III,1.483
HD 154143,4.970,-28.838773,-113.826006,29.476938,M3III,1.600
HD 154090,4.830,-19738.749294,-80395.923411,-56097.034524,B2Iab,0.257
Wo 9584B,4.910,-3.766782,-15.491692,22.326644,F5,0.471
HD 154494,4.890,-9.410291,-38.733409,9.012720,A4IV,0.125
HD 155763,3.170,-9.178442,-40.388128,91.793254,B6III,-0.120
Gl 656.1A,2.430,-5.602493,-25.470005,-7.342684,A2.5Va,0.059
Gl 657,3.320,-3.401345,-16.054840,-15.432267,F3p,0.441
Rasalgethi,2.780,-20.995512,-104.709944,27.400863,M5IIvar,1.164
NN 3995A,3.120,-4.075476,-20.503689,9.676738,A3IVv SB,0.080
HD 156283,3.160,-18.017787,-90.679203,69.185936,K3IIvar,1.437
Gl 663A,4.330,-1.027046,-5.204798,-2.656955,K2:III:,0.855
HD 156266,4.720,-11.872792,-61.962339,-0.490336,K2III,1.119
HD 156633,4.800,-31.649594,-168.007506,111.449558,B1.5Vp,-0.166
HD 156729,4.640,-7.859219,-42.067341,32.591167,A2V,0.043
HD 156928,4.320,-10.332265,-59.860544,-13.853358,A0/A1V,0.037
Gl 670A,4.390,-2.741337,-15.956245,-6.251407,F2/F3V,0.394
HD 156277,4.760,-5.693181,-34.013168,-84.382697,K1III,1.194
HD 157056,3.270,-19.992891,-119.503681,-56.498782,B2IV,-0.186
HD 157778,4.150,-15.173056,-94.947155,72.840377,B9.5III,-0.011
HD 157244,2.840,-16.904234,-110.792345,-163.251778,K3Ib-II,1.479
HD 157246,3.310,-28.427070,-186.831030,-284.199972,B1Ib,-0.150
Gl 673.1,4.160,-3.400980,-23.010733,-10.441731,A3IV:m,0.283
HD 157999,4.340,-40.112693,-272.586309,19.944743,K3IIvar,1.480
HD 157950,4.530,-4.346256,-29.639799,-2.666506,F3V,0.385
HD 157919,4.280,-4.211689,-29.367376,-17.037061,F3III,0.402
Rastaban,2.790,-9.169333,-70.678899,92.218765,G2II,0.954
HD 158899,4.410,-12.948576,-100.864680,49.842035,K3IIIvar,1.434
HD 158408,2.700,-17.880984,-139.408810,-107.054828,B2IV,-0.179
HD 158094,3.600,-3.736759,-29.474564,-52.908519,B8V,-0.104
HD 158643,4.780,-14.138881,-112.775053,-50.514993,A0V,0.016
HD 158427,2.840,-6.473763,-52.424912,-62.676478,B2Vne,-0.136
HD 159541,4.890,-2.091471,-17.142584,24.833263,Am...,0.251
HD 166205,4.350,-0.379972,-3.119005,52.676703,A1Vn,0.021
HD 159560,4.860,-2.101791,-17.284211,25.026701,Am,0.279
Shaula,1.620,-16.048583,-138.749793,-105.649898,B1.5IV+...,-0.231
Rasalhague,2.080,-1.587067,-14.453242,3.239454,A5III,0.155
HD 159217,4.560,-8.464162,-79.397322,-84.158121,A0V,-0.020
HD 159433,4.260,-4.056689,-39.503921,-31.741494,G8/K0III/IV,1.075
NN 4017,4.770,-0.842597,-8.350132,21.590264,F5V,0.430
Sargas,1.860,-6.654055,-67.016643,-62.796539,F1II,0.406
HD 159876,3.540,-3.038557,-30.971085,-8.570974,F0IIIp,0.262
HD 159975,4.580,-22.118191,-228.091396,-32.691082,B8II-IIIMNp,0.132
HD 160762,3.820,-8.668370,-96.484180,100.336900,B3V SB,-0.179
Gl 686.2,4.760,-1.192144,-13.903682,-16.290191,F3IV,0.415
HD 160613,4.240,-4.193749,-51.601055,-11.833705,A2Va,0.086
Gl 694.1A,4.570,-0.551088,-6.978598,21.736754,F5IV-V,0.434
HD 160578,2.390,-8.785101,-114.747994,-93.292778,B1.5III,-0.171
Gl 692,4.860,-1.184939,-16.360471,-6.522104,F6/F7V,0.469
Cebalrai,2.760,-1.802333,-24.949291,1.998237,K2III,1.168
HD 160635,3.610,-2.868557,-46.020948,-97.652295,K1III,1.161
Gl 695A,3.420,-0.434406,-7.343700,3.865655,G5IV,0.750
HD 161592,4.530,-14.494275,-266.775691,-141.045839,F7II,0.600
HD 161471,2.990,-24.497404,-451.772701,-381.351324,F3Ia,0.509
HD 161868,3.750,-1.662293,-31.436744,1.488597,A0V,0.043
HD 161840,4.790,-6.855199,-145.022595,-89.679005,B8Ib/II,-0.028
HD 161892,3.190,-1.362278,-30.763993,-23.241560,K0/K1III,1.192
HD 161912,4.780,-25.587827,-597.130794,-503.121757,A6Ib,0.259
HD 163588,3.730,-0.532395,-18.850278,28.897629,K2III,1.177
HD 163770,3.860,-3.005409,-183.808118,139.792353,K1IIvar,1.350
Etamin,2.240,-0.436154,-29.451035,37.014357,K5III,1.521
HD 163145,4.850,-0.890266,-63.565402,-62.128538,K2III,1.176
HD 163993,3.700,-0.356945,-36.596981,20.494490,K0III,0.935
HD 163376,4.880,-0.993888,-103.381565,-92.166629,M0III,1.617
Barnard's Star,9.540,-0.017373,-1.816613,0.149123,sdM4,1.570
HD 164136,4.410,-1.490198,-228.060606,132.680139,F2II,0.380
HD 163917,3.320,-0.193436,-45.539708,-7.844563,K0III,0.987
HD 163955,4.740,-0.105488,-116.540665,-51.439783,B9V,-0.030
HD 164349,4.670,0.048945,-197.029965,59.302737,K0II-III,1.254
HD 164284,4.790,0.228655,-199.020638,15.204156,B2Ve,-0.100
Gl 699.2,4.620,0.049583,-23.502332,-1.515823,F3V,0.390
HD 164353,3.930,1.061054,-376.863133,19.299314,B5Ib,0.029
HD 164668,4.260,0.781720,-118.897851,47.065883,G5,0.406
HD 164577,4.420,0.685936,-89.660264,2.042683,A2Vn,0.046
Gl 700.1B,4.770,0.683287,-50.807469,-7.304342,F5V+...,0.410
HD 164975,4.660,5.079766,-231.855248,-131.637134,G0Ib/II,0.774
Gl 702A,4.030,0.120862,-5.077062,0.221741,K0V SB,0.860
Nash,2.980,0.648969,-25.602281,-15.040072,K0III,0.981
HD 165625,4.960,5.511553,-209.372067,85.553275,M3IIIa+...,1.656
HD 165024,3.650,4.628533,-159.924037,-191.289260,B2Ib,-0.101
HD 165189,4.920,0.905675,-30.374417,-28.761768,A5V,0.255
HD 165760,4.640,2.634065,-82.600446,12.696067,G8III-IV,0.951
Wo 9615A,3.710,0.842022,-26.247342,4.424647,A4IVs,0.159
HD 166014,3.840,2.989087,-90.792184,49.863048,B9.5V,-0.018
HD 165634,4.550,3.222545,-91.333373,-49.532254,K0IIICNpvar,0.938
HD 165040,4.330,0.661710,-17.666424,-35.720985,Am,0.228
HD 166182,4.370,10.031459,-262.374329,99.815819,B2IV,-0.164
HD 166063,4.520,4.365484,-89.024955,-92.151983,G5III,1.009
HD 166464,4.960,3.674512,-71.778373,-31.551610,K0III,1.055
HD 167006,4.960,7.396773,-142.295710,86.993204,M3III,1.643
HD 166937,3.840,5600.996443,-93152.961403,-35932.639895,B2III:,0.195
Gl 708.1,4.990,0.600206,-9.886041,20.669241,F5V,0.440
HD 167618,3.100,2.754228,-35.738834,-26.777975,M2III,1.582
HD 167818,4.660,16.375476,-207.454698,-106.227399,K3III,1.629
HD 168775,4.330,5.398691,-62.138782,45.423984,K2IIIvar,1.162
HD 168720,4.920,9.859953,-111.033545,44.949429,M1III,1.594
HD 170000,4.220,2.687254,-29.589204,87.968440,A0p (Si),-0.093
HD 168656,4.850,7.249918,-79.403247,4.705156,G8III,0.911
Kaus Meridionalis,2.720,8.460232,-92.098382,-53.027575,K3III,1.380
Gl 713A,3.550,0.219434,-2.381656,7.694536,F7Vvar,0.489
Gl 711,3.230,1.719456,-18.438938,-0.937748,K0III-IV,0.941
HD 168339,4.350,6.937554,-68.218953,-126.259656,M1III SB,1.462
HD 169156,4.660,6.451297,-62.269156,-9.841775,K0III,0.932
HD 169414,3.850,3.495833,-33.687362,13.525603,K2III,1.168
HD 170073,4.980,3.046033,-29.090824,48.298660,A3V,0.082
Kaus Australis,1.790,3.817188,-36.057831,-24.812975,B9.5III,-0.031
HD 169420,4.810,13.002383,-117.068408,-44.136913,A1/A2V,1.310
HD 170693,4.820,4.517840,-39.674686,87.878659,K2III,1.179
HD 169467,3.490,6.951907,-58.794382,-61.239990,B3IV,-0.179
Kaus Borealis,2.820,2.635486,-21.487046,-10.289309,K1IIIb,1.025
HD 169767,4.100,3.180986,-25.152757,-29.238082,G8/K0III,0.995
HD 170296,4.670,12.044075,-94.026655,-24.631831,A1IV/V,0.076
HD 169978,4.630,8.543936,-62.022507,-119.141451,B8III,-0.116
HD 170465,4.920,20.845250,-149.470411,-155.814810,B6IV,-0.101
HD 171635,4.770,50.037861,-349.665988,544.872436,F7Ib,0.611
HD 170845,4.620,18.413120,-125.059291,-115.072484,G5III,0.994
HD 171443,3.850,9.245186,-59.708018,-8.754035,K2III,1.317
Vega,0.030,0.960565,-5.908009,4.809731,A0Vvar,-0.001
HD 172748,4.700,11.242967,-60.259791,-9.766549,F2IIIp d Del,0.358
HD 171759,4.010,3.982268,-20.957449,-63.491109,K2III,1.134
HD 173009,4.880,30.823598,-160.362815,-23.750503,G8II,1.112
HD 172910,4.860,22.344567,-114.094971,-83.364626,B2V,-0.168
HD 173582,4.670,7.366292,-37.599200,31.775155,F1V,0.170
HD 173607,4.590,7.069425,-36.050085,30.404986,A8Vn,0.180
HD 173648,4.340,7.361690,-37.202578,29.210771,Am,0.192
HD 172555,4.780,2.388256,-11.885013,-25.845211,A7V,0.199
HD 173300,3.170,12.937936,-64.083559,-33.297761,B8.5III,-0.107
Gl 725.2,4.190,3.560021,-17.631081,6.741603,F6V,0.483
HD 173780,4.830,13.941698,-68.411541,35.056839,K3III,1.199
HD 173880,4.340,5.592547,-26.874720,9.015438,A5III,0.148
HD 173764,4.220,57.215132,-274.025425,-23.250298,G5II...,1.087
Sheliak,3.520,53.408840,-240.514817,162.223134,A8:V comp SB,0.003
HD 175306,4.630,11.825931,-52.050358,90.213524,K0II-III SB,1.185
HD 173948,4.220,46.222880,-199.350966,-387.929889,B2II-III,-0.150
HD 175535,4.920,20.385014,-86.191410,108.242134,G8III,0.903
HD 174974,4.860,74.467326,-309.170538,-133.319898,K1II,1.412
HD 176524,4.820,7.953288,-32.876473,99.914948,K0III,1.151
HD 175588,4.220,42.527743,-175.437810,135.530509,M4IIvar,1.575
HD 175492,4.570,31.602936,-129.768194,55.719384,G4III+...,0.782
Nunki,2.050,14.950858,-60.794062,-30.937099,B2.5V,-0.134
HD 175865,4.080,15.736190,-63.903742,63.435052,M5IIIvar,1.397
HD 175638,4.620,11.483943,-45.872196,3.475585,A5V,0.161
HD 175639,4.980,12.587009,-50.255684,3.806479,A5Vn,0.204
HD 174694,4.400,14.597349,-57.529297,-141.425058,F5Ib-II:,0.530
HD 175751,4.830,15.206379,-59.808358,-6.318797,K1III,1.057
HD 175775,3.520,26.037848,-101.172397,-40.325267,G8/K0II/III,1.151
HD 175510,4.850,28.531786,-109.412352,-149.716796,A0V,-0.051
HD 175813,4.830,6.100734,-23.286509,-18.210673,F3IV/V,0.396
HD 176437,3.250,40.698720,-154.738921,102.678040,B9III,-0.049
HD 176411,4.020,11.799590,-44.328509,12.350010,K2III,1.082
HD 176670,4.940,74.302034,-277.232391,180.363117,K3III,1.465
HD 176678,4.020,11.675164,-42.328374,-4.412978,K1IIIvar,1.079
HD 176687,2.600,6.326274,-22.577554,-13.471863,A3IV,0.062
HD 176638,4.740,11.946382,-42.277742,-39.689849,A0Vn,-0.027
Wo 9641,3.760,11.267032,-38.855390,-16.133344,K0III,1.012
NN 4095A,2.990,6.958810,-23.716532,6.099966,A0Vn,0.014
HD 177756,3.430,10.770638,-36.216543,-3.227659,B9Vn,-0.096
Gl 743.1A,4.230,3.945759,-13.231884,-10.428815,F7IV-V,0.523
Wo 9643,3.320,9.508483,-31.623153,-17.315060,K1/K2III,1.169
HD 177873,4.570,12.229963,-39.785308,-35.544936,K1III,1.070
HD 178253,4.110,9.052029,-28.941534,-23.610478,A0/A1V,0.042
Albaldah,2.880,43.714239,-139.143552,-56.055078,F2II/III,0.377
HD 178345,4.100,33.816393,-107.204136,-92.141229,K0II/IIICN.,1.163
HD 180711,3.070,3.534238,-10.788301,27.627312,G9III,0.990
HD 180163,4.430,104.385585,-313.073293,268.637487,B2.5IV,-0.150
HD 179950,4.860,26.782195,-78.290753,-39.036853,K0/K1III+..,0.569
HD 181984,4.450,4.161675,-12.163752,43.002444,K3III,1.257
HD 180554,4.760,75.616041,-218.930280,90.726612,B4IV,-0.058
HD 180809,4.350,65.631893,-189.618553,157.525070,K0II,1.258
HD 181276,3.800,7.497777,-21.439430,30.547504,K0III,0.950
HD 180540,4.880,46.423708,-131.763665,-47.975072,K0III,1.013
HD 181391,4.980,16.204706,-44.192747,-4.462499,G8III-IV...,0.937
HD 182564,4.600,9.950368,-27.092377,63.965175,A2IIIs,0.033
NN 4107,3.920,12.926473,-34.724544,-11.929933,F0III/IV,0.228
HD 181615,4.520,183.411949,-492.344290,-150.209092,F2p,0.079
HD 181454,3.960,24.213622,-64.216561,-67.345884,B9V,-0.085
HD 181623,4.270,10.367344,-27.285432,-28.985346,F2III,0.350
HD 181869,3.960,15.143928,-39.509870,-36.286833,B8V,-0.105
HD 182568,4.990,80.615025,-209.663862,127.717111,B3IV,-0.120
Gl 760,3.360,5.650026,-14.436012,0.843584,F0IV,0.319
HD 182835,4.640,320.519466,-808.322022,5.138372,F2Ib,0.576
HD 183439,4.440,31.268751,-76.712143,38.040745,M0 comp,1.502
HD 184006,3.760,8.790467,-21.299308,29.207404,A5Vn,0.148
Albireo,3.050,45.350466,-108.518380,62.430012,K3II+...,1.088
HD 184171,4.740,84.812094,-200.358656,149.268877,B3IV,-0.150
Gl 764,4.670,0.784452,-1.840016,5.396152,K0V,0.786
Wo 9661,4.450,13.058329,-30.000160,4.237222,K3III,1.176
Campbell's Hydrogen Star,10.000,34611.284098,-78889.844899,50778.453408,WC...,-0.013
HD 184127,4.880,30.630603,-69.435368,-84.579973,G9III,1.096
Gl 765A,4.490,4.792178,-10.707751,14.090766,F4V,0.395
HD 184707,4.590,21.600654,-48.115720,-24.463665,B8/B9V,-0.075
HD 184930,4.360,49.101431,-109.356067,-2.692266,B5III,-0.079
HD 184915,4.930,209.897982,-466.549626,-63.064577,B0.5III,-0.046
HD 185734,4.680,29.657091,-64.054037,41.005410,G8III-IV...,0.971
HD 185758,4.390,52.446573,-112.348474,40.319114,G0II,0.777
HD 185958,4.390,54.860279,-116.256022,40.472581,G8II,1.041
HD 186675,4.890,30.968275,-63.300259,53.789134,G8III,0.948
HD 186882,2.860,15.779435,-32.006459,35.848100,B9.5III,-0.002
Tarazed,2.720,53.215608,-106.431852,22.297682,K3II,1.507
HD 186648,4.870,26.814350,-53.569015,-21.521330,K0III,1.061
HD 187076,3.680,77.993677,-154.087523,57.900217,M2II + B6,1.313
HD 188119,3.840,6.964788,-13.643765,42.707954,G8III,0.888
Altair,0.760,2.355468,-4.487300,0.790749,A7IV-V,0.221
HD 187811,4.900,83.025513,-157.691194,74.219432,B2.5V,-0.153
HD 187929,3.870,199.669191,-373.661462,7.436940,F6Ibv SB,0.630
HD 188260,4.570,44.487071,-82.396016,41.846629,B9.5III,-0.047
HD 188310,4.710,26.612383,-48.887669,8.280414,K0III,1.023
HD 188114,4.120,20.007280,-36.369941,-37.203168,K0III,1.063
Alshain,3.710,6.563854,-11.925647,1.528534,G8IVvar,0.855
HD 189037,4.910,25.425469,-46.044014,68.395480,A4Vn,0.124
HD 188376,4.700,11.280499,-20.384256,-11.514028,G3/G5III,0.748
HD 188892,4.950,167.732556,-303.025518,275.368444,B5IV,-0.086
HD 189276,4.980,70.410013,-127.123777,240.387588,K5II-III,1.584
HD 188947,3.890,16.453496,-29.589591,23.780105,K0IIIvar,1.019
HD 188603,4.540,110.848419,-198.041135,-116.487313,K3III,1.462
Cygnus X-1,8.840,240.174990,-422.950898,343.128080,B0Ib,0.730
HD 189319,3.510,36.997433,-64.891610,26.440286,K5III,1.571
HD 189005,4.840,42.755999,-74.842869,-42.405153,G8II/III,0.882
HD 189103,4.370,64.765423,-112.475668,-91.815589,B2.5IV,-0.150
HD 188228,3.970,4.754832,-8.186656,-30.794025,A0V,-0.032
HD 189849,4.660,32.330025,-55.381221,33.744109,A4III,0.184
HD 189124,4.950,37.617287,-64.023795,-125.441295,M6III,1.356
HD 189763,4.430,62.107193,-104.748215,-63.960733,M4III,1.640
HD 190940,4.510,25.272265,-42.555784,121.728524,K3III,1.313
HD 189831,4.770,45.491792,-76.043130,-69.083591,K4III,1.417
HD 190056,4.990,38.996702,-64.692445,-47.304087,K1III/IV,1.208
HD 190421,4.930,105.437453,-169.745550,-264.033901,M1II,1.591
Gl 780,3.550,1.313772,-2.087713,-5.587991,G5IV-Vvar,0.751
HD 192907,4.380,10.954137,-17.379882,94.313317,B9III,-0.046
HD 191610,4.930,135.974862,-214.620058,190.341877,B2.5V,-0.139
HD 191692,3.240,47.588681,-73.769106,-1.258706,B9.5III,-0.066
HD 192514,4.800,70.407065,-107.081758,136.545862,A5IIIn,0.100
HD 192696,4.280,14.789098,-22.471970,40.748751,A3IV-Vn,0.114
HD 192577,3.800,102.254717,-155.030652,197.362343,K2II+...,1.270
HD 192425,4.940,24.533517,-36.968946,12.052766,A2V,0.072
HD 192640,4.930,18.935480,-28.464099,25.581078,A2V,0.151
HD 192685,4.790,152.562751,-227.755924,131.294561,B3V,-0.181
HD 192909,3.960,121.738655,-181.384936,240.194033,K3Ib-II comp,1.451
HD 192806,4.500,51.282167,-76.194551,48.453459,K3III,1.258
HD 192876,4.300,96.287073,-140.560798,-37.797433,G3Ib,0.928
HD 193237,4.770,44552.936147,-64954.352047,61611.427632,B2pe,0.377
HD 192947,3.580,17.945333,-26.097385,-7.047505,G6/G8III,0.883
HD 193432,4.770,43.612148,-61.902343,-17.146901,B9IV,-0.047
HD 193495,3.050,55.920163,-79.116953,-25.564218,A5:n,0.790
Sadr,2.230,249.318228,-348.795593,363.040966,F8Ib,0.673
HD 194317,4.430,38.085495,-52.487418,40.822262,K3III,1.331
Peacock,1.940,17.850262,-24.200974,-45.841245,B2IV,-0.118
Gl 791.1A,4.770,17.427785,-22.947733,-9.259200,F3V,0.386
HD 195295,4.010,123.449711,-161.764331,119.235866,F5II,0.404
HD 195725,4.210,11.538446,-15.094197,37.278593,A7III,0.199
HD 195135,4.910,37.179947,-48.607366,-3.084593,K2III,1.160
HD 195556,4.940,111.394275,-145.094477,210.070790,B2.5IV,-0.087
HD 195810,4.030,61.580495,-77.965441,19.858319,B6III,-0.123
HD 196093,4.610,430.589579,-541.795293,489.116345,K2Ib comp,1.593
HD 196180,4.640,40.925879,-50.852020,17.093240,A3V,0.120
HD 195627,4.750,8.571694,-10.624832,-24.209317,F1III,0.291
HD 196321,4.910,251.457146,-308.516947,-17.725279,K5II,1.606
HD 196524,3.640,18.994041,-23.134214,7.794139,F5IV,0.425
Gl 794.1,3.110,12.976855,-15.802893,-22.152943,K0III,0.998
HD 195961,4.860,17.590562,-21.417286,-51.108529,Fm delta Del,0.447
HD 196574,4.310,65.883837,-79.683729,-1.994498,G8III SB,0.949
HD 196724,4.810,42.445603,-51.252204,25.813199,A0V,-0.030
HD 196867,3.770,48.015095,-57.406003,21.335542,B9V,-0.057
Deneb,1.250,197.250632,-232.113407,307.600832,A2Ia,0.092
HD 197461,4.430,43.241717,-49.981753,17.801271,A7IIIp d Del,0.302
NN 4158,4.510,9.782490,-11.249611,-19.027319,A6:var,0.278
HD 197752,4.920,59.350450,-67.750673,42.519460,K2III,1.183
HD 197051,3.420,11.018527,-12.568841,-37.903223,A5IV,0.163
Gl 807,3.410,4.445240,-5.055924,12.575933,K0IV,0.912
Wo 9706,4.520,9.664508,-10.986162,23.038483,F8IV-V,0.535
HD 197912,4.220,35.061060,-39.747089,31.494379,K0III,1.051
Gl 805,4.130,8.799322,-9.937473,-6.266031,F5V,0.426
Gienah,2.480,12.262597,-13.834612,12.455654,K0III,1.021
HD 197964,4.270,24.733436,-27.794763,10.756074,K1IV,1.042
HD 198134,4.930,75.044759,-83.948328,77.024999,K3IIIvar,1.294
HD 198183,4.530,126.511034,-141.235517,140.257577,B6IV,-0.083
HD 198001,3.780,41.969653,-46.744809,-10.507937,A1V,0.000
HD 198026,4.430,119.516375,-133.042786,-15.733799,M3IIIvar,1.639
HD 198478,4.810,332.830260,-366.616188,514.801477,B3Ia,0.571
HD 198048,4.900,59.015725,-64.696943,-91.403048,K5III,1.494
HD 198232,4.890,65.133632,-71.100794,-64.501268,G8III,1.004
HD 198542,4.120,157.000892,-168.625944,-116.985158,K4III,1.633
NN 4168,4.560,35.115833,-37.614991,26.329381,G8III,0.835
HD 198743,4.730,32.579072,-34.737540,-7.528766,A3m,0.325
HD 199081,4.800,78.938613,-83.734012,112.641498,B5V,-0.134
HD 198700,3.670,67.818551,-70.961830,-159.891518,K0III,1.250
HD 199629,3.940,60.355787,-61.863108,75.574805,A1Vn,0.027
HD 200120,4.740,207.461280,-207.776645,320.662751,B1ne,-0.084
HD 199951,4.670,42.228148,-41.755060,-37.481056,G8III,0.890
Gl 816.2A,4.820,33.551285,-32.285712,-16.813990,A5V,0.169
HD 200905,3.720,134.394395,-128.732159,179.263939,K5Ibv SB,1.609
HD 200761,4.080,34.443471,-32.700737,-14.731739,A1V,-0.010
HD 201251,4.560,155.026624,-146.343339,233.868415,K4II,1.569
HD 200914,4.490,92.369811,-86.795805,-59.120502,K5/M0III,1.604
HD 201381,4.500,35.252969,-32.418434,-9.632275,G8III,0.926
HD 201601,4.700,26.379939,-24.100510,6.385059,F0p,0.262
HD 202109,3.210,28.278409,-25.253540,22.089851,G8II SB,0.990
Gl 822A,4.470,13.660962,-12.035259,3.212549,F5V+...,0.529
Gl 822.1A,3.740,12.034413,-10.573279,12.536148,F1IV,0.393
HD 202447,3.920,43.818116,-38.149671,5.336289,G0III+...,0.549
Lacaille 8760,6.690,2.330004,-2.003156,-2.476477,M1/M2V,1.397
HD 202850,4.220,518.898190,-445.473153,561.644945,B9Iab,0.098
HD 202904,4.410,122.732539,-104.899517,112.618423,B2Vne,-0.103
HD 202627,4.710,35.949472,-30.720552,-29.746948,A0V,0.070
Alderamin,2.450,5.276111,-4.483201,13.348778,A7IV-V,0.257
Wo 9733A,4.390,13.809188,-11.601000,-24.328550,A5V,0.191
HD 203006,4.800,35.152421,-29.298107,-39.513055,A2p,0.029
HD 203504,4.080,34.696699,-28.579725,16.187628,K1III,1.108
HD 203387,4.280,44.584575,-36.672187,-17.467386,G8III,0.888
Gl 827,4.210,3.025799,-2.397286,-8.418648,F6V,0.494
HD 204075,3.770,85.717547,-67.776385,-45.065401,G4Ibp...,1.002
HD 205021,3.230,55.219515,-42.886719,198.108029,B2IIIv SB,-0.201
HD 204381,4.500,38.479425,-29.868324,-19.490179,K0III,0.889
HD 204724,4.520,87.760474,-67.372469,48.426252,M1III,1.618
Sadalsuud,2.900,130.759282,-98.929336,-15.993766,G0Ib,0.828
HD 205435,3.980,21.314004,-15.774287,27.069852,G8III,0.885
HD 205512,4.870,44.739104,-32.871330,44.213932,K1III,1.085
HD 205637,4.510,247.694778,-178.182639,-107.847055,B3V:p,-0.180
HD 205767,4.680,44.132090,-31.551274,-7.483694,A7V,0.175
HD 206165,4.760,38108.124540,-27202.234555,88361.808809,B2Ib,0.246
NN 4209,3.690,37.793496,-26.440950,-13.804954,A7III:mp...,0.320
Gl 835.1,3.730,3.808297,-2.630174,-20.688835,K0III,1.008
HD 206952,4.550,14.765451,-10.155456,52.979213,K0III,1.108
HD 206672,4.690,273.366682,-187.713963,412.287993,B3IV,-0.119
HD 206453,4.720,70.458675,-48.127443,-29.157898,G8III,0.868
HD 206936,4.230,42908.717258,-29076.600569,85518.379993,M2Ia,2.242
Gl 836.6A,4.490,16.170769,-10.892651,10.693308,F6V,0.512
Enif,2.380,172.769915,-116.330918,36.257820,K2Ibvar,1.520
HD 206859,4.340,225.143738,-151.131247,84.718188,G5Ib,1.161
HD 206901,4.140,25.625802,-17.179996,14.811538,F5IV,0.425
HD 206742,4.350,43.645415,-29.177583,-34.127517,B9.5V,-0.053
HD 207260,4.250,40209.487965,-26753.385001,87563.996203,A2Iavar,0.474
HD 207330,4.230,184.716111,-121.343324,257.031565,B3III,-0.120
Gl 837,2.850,9.534405,-6.248606,-3.296196,A5mF2 (IV),0.180
HD 207971,3.000,43.853581,-26.892269,-39.280780,B8III,-0.084
HD 208450,4.400,28.500475,-16.801816,-47.236403,F0IV,0.297
Gl 845,4.690,1.732589,-0.966715,-3.030307,K5V,1.056
HD 209409,4.740,116.494982,-65.030775,-5.021272,B7IVe,-0.100
HD 209790,4.260,11.085515,-6.158030,26.739992,Am,0.379
HD 209747,4.860,72.833145,-39.677279,7.341645,K4III,1.443
Sadalmelik,2.950,140.987693,-76.722268,-0.896054,G2Ib,0.969
HD 209688,4.470,50.325213,-27.291744,-47.265364,M0III,1.349
HD 209819,4.290,45.868670,-24.791487,-12.874003,B8V,-0.075
Gl 848,3.770,9.335368,-5.015491,5.019565,F5V,0.435
Alnair,1.730,18.672505,-9.904001,-22.635193,B7IV,-0.070
HD 210049,4.500,30.872906,-16.349212,-22.676862,A2V,0.054
HD 210066,4.990,95.234327,-50.406849,-72.799456,K4III,1.499
HD 210807,4.790,32.521719,-16.964526,115.221156,G8III,0.919
HD 210459,4.280,59.869583,-31.170316,44.132705,F5III,0.471
Gl 849.1,4.940,13.670951,-7.105556,-9.833820,F6V,0.489
Wo 9771,3.520,24.963846,-12.967714,3.054948,A2V,0.086
HD 210745,3.390,120.077626,-61.940455,217.924077,K1Ibv SB,1.558
HD 211073,4.500,101.809342,-50.827490,94.521870,K3III,1.385
NN 4266,4.180,12.783283,-6.301488,21.982833,F0IV,0.278
HD 211088,4.790,56.798164,-27.820419,-55.654028,G8III+...,0.790
HD 211388,4.140,135.358669,-66.041055,116.609456,K3III,1.447
HD 211391,4.170,51.269356,-24.775209,-7.783126,G8III-IV,0.979
HD 211416,2.870,27.447381,-13.018072,-53.171301,K3III,1.390
HD 212120,4.550,106.247601,-48.966326,123.437598,B6V,-0.100
HD 212097,4.780,170.551740,-78.334781,101.184951,B9III,-0.010
HD 212076,4.820,442.059074,-202.581995,105.180739,B2IV-V,-0.132
Wo 9779,3.860,45.635919,-20.880207,-1.215412,A0V,-0.057
HD 212496,4.420,29.133552,-13.038111,41.191488,G9III,1.015
HD 212593,4.550,409.779602,-181.340137,524.233161,B9Iab,0.092
HD 212571,4.800,219.552367,-96.288728,5.764477,B1Ve,-0.171
HD 212581,4.510,29.925359,-12.805506,-69.696999,B8V,-0.029
HD 212943,4.780,41.709159,-17.734844,3.722780,K0III,1.039
Kruger 60,9.590,1.968033,-0.835470,3.381486,M2V,1.613
HD 213051,3.650,25.969719,-10.912416,-0.009819,F3III-IV,0.406
HD 213306,4.070,128.159892,-53.629433,225.959019,G2Ibvar,0.778
HD 213009,3.970,63.502865,-26.541175,-65.303513,G6/G8III,1.022
HD 213310,4.340,313.722880,-130.702078,373.591880,M0II,1.679
HD 213080,4.120,67.519535,-28.051340,-69.990239,M4.5IIIa,1.570
HD 213420,4.520,355.219533,-146.251994,359.774490,B2IV,-0.086
HD 213320,4.820,80.722934,-33.169888,-16.455466,A0IVs,-0.053
HD 213558,3.760,18.613691,-7.587422,24.196371,A1V,0.031
HD 213398,4.290,34.265767,-13.930345,-23.425222,A1V,0.011
HD 213442,4.910,38.817291,-15.486322,-78.541021,M4III,1.612
HD 213998,4.040,47.996240,-18.578858,-0.105543,B9IV-Vn,-0.083
HD 214454,4.640,30.627298,-11.546584,41.215794,A8IV,0.254
HD 214680,4.890,385.660924,-141.778467,333.334309,O9V,-0.207
HD 214868,4.500,68.709152,-24.833610,71.236583,K3III,1.318
HD 214748,4.180,125.047058,-45.108691,-67.860991,B8V,-0.105
HD 214923,3.410,57.962157,-20.678728,11.774377,B8.5V,-0.086
HD 214994,4.800,75.245294,-26.735649,44.825936,A1IV,-0.013
HD 214952,2.070,34.993484,-12.277259,-39.608199,M5III,1.610
Matar,2.930,53.599160,-18.717064,33.070991,G2II-III..,0.852
HD 215104,4.840,50.039230,-17.352188,-46.716271,K0III,1.027
HD 215167,4.680,118.772577,-41.136110,-42.864267,K3III,1.358
Babcock's star,8.830,53443.383418,-18369.410721,82500.724352,A0p,0.031
HD 215369,4.840,71.727719,-24.128117,-102.272256,K2IIICNIV,1.180
HD 214846,4.130,6.504421,-2.174504,-45.250032,A9IV/V,0.208
NN 4295,3.970,97.414069,-32.343370,44.770388,G8II-III,1.070
Gl 872A,4.200,15.122785,-5.009216,3.436474,F7V,0.502
HD 216446,4.770,10.882454,-3.563012,95.376284,K3III,1.257
Wo 9796,3.490,23.513371,-7.577057,-30.854309,A3V,0.083
HD 216032,4.050,90.212520,-28.620692,-22.883854,K5III,1.570
HD 216228,3.500,13.598133,-4.308340,32.342180,K0III,1.053
NN 4298,3.510,28.209183,-8.893887,13.542862,M2III,0.933
HD 216397,4.950,69.377949,-21.199742,68.392326,M0III,1.559
Wo 9800A,4.460,53.085686,-16.096898,-35.853148,A0III,-0.037
HD 216386,3.730,112.009754,-33.916636,-15.573012,M2IIIvar,1.626
HD 217382,4.700,10.306597,-3.032609,108.520824,K4III,1.418
HD 216627,3.270,45.459019,-13.325406,-13.423467,A3V,0.066
HD 216735,4.910,90.811562,-26.371220,14.666464,A1V,-0.003
HD 216763,4.200,38.294356,-10.990075,-25.419746,G8III,0.952
HD 216946,4.990,304.725766,-86.755537,374.042528,K5Ibvar,1.778
Fomalhaut,1.170,6.450517,-1.799476,-3.807757,A3V,0.145
HD 217364,4.110,19.533046,-5.153542,-26.570247,G8III,0.960
HD 217675,3.620,150.676276,-39.022904,141.757338,B6pv SB,-0.099
Scheat,2.440,51.433435,-12.877612,28.290136,M2II-IIIvar,1.655
HD 217891,4.480,121.152668,-30.275882,8.338293,B6Ve,-0.115
HD 218031,4.640,33.756150,-8.387722,41.528947,K0III,1.058
Markab,2.490,38.311434,-9.417123,10.722722,B9.5III,-0.002
Lacaille 9352,7.350,2.581532,-0.621353,-1.918773,M2/M3V,1.483
HD 218376,4.840,171.281673,-40.636373,297.895304,B0.5IV,-0.060
HD 218240,4.480,59.065055,-13.994841,-26.700102,G8III,0.892
HD 218227,4.280,28.537790,-6.735685,-27.845269,F5me...,0.423
HD 218329,4.540,96.803108,-22.792177,16.480786,M2III,1.559
HD 218356,4.760,159.508154,-37.476686,78.041820,K0IIp,1.285
HD 218658,4.410,18.592192,-4.301103,73.196097,G2III,0.802
HD 218594,3.680,75.510914,-16.931759,-29.973162,K1III,1.202
Wo 9812A,4.710,139.440760,-30.967540,-59.041698,A3IV:,0.674
HD 218670,3.880,38.629453,-8.500488,-39.895777,K0III SB,0.998
Gl 891.1,4.530,15.657659,-3.288881,18.670848,F0V,0.302
HD 219215,4.220,60.393261,-12.198628,-6.529062,M2III,1.545
Gl 893.2A,4.240,44.520534,-8.675776,-7.255216,K0III,1.107
HD 219576,4.930,182.971432,-34.863134,-25.271516,M3III,1.613
HD 219615,3.700,41.496215,-7.847237,2.421966,G7III,0.916
Wo 9818,3.990,11.929297,-2.241691,-19.604030,F1III,0.410
HD 219734,4.820,111.354244,-20.766915,130.377297,M2III,1.668
HD 219688,4.410,119.529341,-22.205470,-19.652688,B5Vn,-0.144
HD 219916,4.750,22.835788,-4.167994,57.777604,K0III,0.836
Wo 9821,4.410,46.342019,-8.416758,-30.043133,K1III,1.109
HD 219832,4.990,77.802657,-14.082589,-13.388422,A0V,-0.022
HD 220061,4.580,44.715629,-7.756411,19.960021,A5V,0.180
HD 220321,3.960,46.435798,-7.568697,-17.217874,K0III,1.082
HD 220652,4.960,110.757542,-17.127515,213.313986,M1III,1.676
HD 220657,4.420,47.401961,-7.215479,20.753020,F8IV,0.617
HD 220704,4.380,80.412869,-12.001128,-30.628032,K4III,1.460
HD 220825,4.950,46.558610,-6.764661,1.031187,A0p,0.036
HD 220954,4.270,44.814124,-6.304546,5.059407,K1III,1.062
HD 221115,4.540,51.821950,-7.016980,11.843245,G8III,0.939
HD 221253,4.890,98.536357,-12.958414,162.492475,B3IV,-0.122
HD 221507,4.380,41.860861,-4.959933,-32.719276,B9.5IVMNpe.,-0.095
HD 221565,4.700,83.507895,-9.781460,-32.130963,A0V,0.020
HD 221673,4.970,142.881771,-16.308926,87.524488,K4III,1.383
HD 221760,4.690,55.802714,-6.092649,-51.645428,A2V,0.078
Wo 9832,3.810,18.103691,-1.777950,19.141071,G8III-IV,0.984
HD 222095,4.740,42.832080,-4.152573,-43.778910,A2V,0.082
HD 222173,4.290,111.002171,-10.621481,104.963685,B8V,-0.083
Gl 903,3.210,3.008186,-0.271815,13.774751,K1IV,1.031
HD 222345,4.970,42.091623,-3.722431,-10.709792,A7IV,0.257
Gl 904,4.130,13.595494,-1.192399,1.344490,F7V,0.507
HD 222439,4.150,36.792238,-3.152838,36.078346,B9IVn,-0.071
HD 222574,4.820,243.966266,-19.453971,-78.655541,G2Ib/II,0.822
HD 222603,4.490,32.574530,-2.556983,1.015452,A7V,0.200
Wo 9836A,4.490,43.952667,-3.319784,-11.436173,B9V,-0.032
HD 222842,4.930,59.794903,-4.183514,33.721950,K0III,0.935
HD 223047,4.970,211.717898,-12.917595,222.897019,G5Ib,1.086
HD 223075,4.950,274.487661,-16.317261,16.754489,C5II,2.508
HD 223165,4.880,27.701517,-1.566024,45.547715,K1III,1.122
HD 223352,4.590,37.119774,-1.795041,-19.868511,A0V,0.001
HD 224014,4.510,53714.738509,-1316.542429,84338.564761,F8Iavar,1.190
HD 224427,4.630,132.148690,-1.292351,62.022416,M3III,1.584
HD 224533,4.880,71.751083,-0.415466,-4.458933,G9III,0.930
HD 224572,4.880,56272.856561,-243.331549,82663.815427,B1V...,-0.071
HD 224617,4.030,31.760437,-0.095415,3.822824,F4IV,0.419
HD 224686,4.490,47.307584,-0.017275,-104.178453,B9IV,-0.075
p Eridani,5.800,4.110128,1.912046,-6.770100,K2 V,0.86
Gl 194B,0.960,1.689045,8.828648,9.308413,G0 III,
Gl 278B,2.850,-5.383676,12.292323,8.349873,A m,
Gl 351B,4.650,-11.226498,8.559845,-12.042884,F0 IV,
Gl 423A,4.330,-8.730890,1.610966,5.446747,G0 Ve,0.59
Gl 423B,4.800,-8.730989,1.610983,5.446808,G0 Ve,
Gl 482B,3.520,-11.630574,-2.137246,-0.299172,F0 V,
NN 3784B,3.950,-12.960884,-4.971592,19.766651,A1 m,0.13
Wo 9540A,4.840,-11.530023,-20.879358,-4.798287,F6 IV-V,0.45
Gl 656.1B,3.400,-5.334832,-24.247587,-6.991291,A3 V,
